LineId,Date,Time,Pid,Level,Component,Content,EventId,EventTemplate,ParameterList
1,I0819,15:12:22.860624,6,endpoints.go:136],"Endpoints found for Service ""play/centos6-install""","[{10.42.1.37 8080 &ObjectReference{Kind:Pod,Namespace:play,Name:centos6-install-b779d6dd7-gb85t,UID:ddc972e4-b3a9-482b-9e06-3e99c5f6f9dd,APIVersion:,ResourceVersion:39859608,FieldPath:,}} {10.42.15.173 8080 &ObjectReference{Kind:Pod,Namespace:play,Name:centos6-install-b779d6dd7-q8snm,UID:1432697d-cfb8-41e4-b6d4-6793781adb90,APIVersion:,ResourceVersion:40619730,FieldPath:,}} {10.42.17.46 8080 &ObjectReference{Kind:Pod,Namespace:play,Name:centos6-install-b779d6dd7-mqdd9,UID:2f48e5dd-8f0a-4158-a757-ec7de339c9d1,APIVersion:,ResourceVersion:40611441,FieldPath:,}}]",70cc0c67,"[{<*> <*> &ObjectReference{Kind:Pod,Namespace:play,Name:centos6-install-b779d6dd7-gb85t,UID:ddc972e4-b3a9-482b-9e06-3e99c5f6f9dd,APIVersion:,ResourceVersion:<*>,FieldPath:,}} {<*> <*> &ObjectReference{Kind:Pod,Namespace:play,Name:centos6-install-b779d6dd7-q8snm,UID:1432697d-cfb8-41e4-b6d4-6793781adb90,APIVersion:,ResourceVersion:<*>,FieldPath:,}} {<*> <*> &ObjectReference{Kind:Pod,Namespace:play,Name:centos6-install-b779d6dd7-mqdd9,UID:2f48e5dd-8f0a-<*>-a757-ec7de339c9d1,APIVersion:,ResourceVersion:<*>,FieldPath:,}}]","['10.42.1.37 8080', '39859608', '10.42.15.173 8080', '40619730', '10.42.17.46 8080', '4158', '40611441']"
2,I0819,15:12:22.860720,6,endpoints.go:136],"Endpoints found for Service ""play/centos7-install""","[{10.42.13.135 8080 &ObjectReference{Kind:Pod,Namespace:play,Name:centos7-install-5bdd597896-p2497,UID:e85cf7fe-491f-48ff-9aa8-7833943ddc2d,APIVersion:,ResourceVersion:40612196,FieldPath:,}} {10.42.16.115 8080 &ObjectReference{Kind:Pod,Namespace:play,Name:centos7-install-5bdd597896-6726b,UID:29292fe9-8f68-4aeb-90f6-be986941096f,APIVersion:,ResourceVersion:40685017,FieldPath:,}} {10.42.17.38 8080 &ObjectReference{Kind:Pod,Namespace:play,Name:centos7-install-5bdd597896-l4crj,UID:cb5d9737-2b34-4239-ba30-bb893b10e8ae,APIVersion:,ResourceVersion:40546924,FieldPath:,}}]",83cccb0e,"[{<*> <*> &ObjectReference{Kind:Pod,Namespace:play,Name:centos7-install-5bdd597896-p2497,UID:e85cf7fe-491f-48ff-9aa8-7833943ddc2d,APIVersion:,ResourceVersion:<*>,FieldPath:,}} {<*> <*> &ObjectReference{Kind:Pod,Namespace:play,Name:centos7-install-5bdd597896-6726b,UID:29292fe9-8f68-4aeb-90f6-be986941096f,APIVersion:,ResourceVersion:<*>,FieldPath:,}} {<*> <*> &ObjectReference{Kind:Pod,Namespace:play,Name:centos7-install-5bdd597896-l4crj,UID:cb5d9737-2b34-<*>-ba30-bb893b10e8ae,APIVersion:,ResourceVersion:<*>,FieldPath:,}}]","['10.42.13.135 8080', '40612196', '10.42.16.115 8080', '40685017', '10.42.17.38 8080', '4239', '40546924']"
3,I0819,15:12:22.860819,6,endpoints.go:136],"Endpoints found for Service ""play/compiling-centos""","[{10.42.1.229 8080 &ObjectReference{Kind:Pod,Namespace:play,Name:compiling-centos-66b46f9895-cmq9z,UID:3e80df5d-925d-4e7e-9a21-e938ff74f0df,APIVersion:,ResourceVersion:38812658,FieldPath:,}} {10.42.13.118 8080 &ObjectReference{Kind:Pod,Namespace:play,Name:compiling-centos-66b46f9895-f24q2,UID:533e1b82-ea0c-4fb2-945d-327aeb6a6f68,APIVersion:,ResourceVersion:40099044,FieldPath:,}} {10.42.16.145 8080 &ObjectReference{Kind:Pod,Namespace:play,Name:compiling-centos-66b46f9895-mxpdz,UID:e5292f50-cbf0-41d7-bda1-080078473d84,APIVersion:,ResourceVersion:40099648,FieldPath:,}}]",bb823db8,"[{<*> <*> &ObjectReference{Kind:Pod,Namespace:play,Name:compiling-centos-66b46f9895-cmq9z,UID:3e80df5d-925d-4e7e-9a21-e938ff74f0df,APIVersion:,ResourceVersion:<*>,FieldPath:,}} {<*> <*> &ObjectReference{Kind:Pod,Namespace:play,Name:compiling-centos-66b46f9895-f24q2,UID:533e1b82-ea0c-4fb2-945d-327aeb6a6f68,APIVersion:,ResourceVersion:<*>,FieldPath:,}} {<*> <*> &ObjectReference{Kind:Pod,Namespace:play,Name:compiling-centos-66b46f9895-mxpdz,UID:e5292f50-cbf0-41d7-bda1-080078473d84,APIVersion:,ResourceVersion:<*>,FieldPath:,}}]","['10.42.1.229 8080', '38812658', '10.42.13.118 8080', '40099044', '10.42.16.145 8080', '40099648']"
4,I0819,15:12:22.860908,6,endpoints.go:136],"Endpoints found for Service ""play/csv""","[{10.42.13.74 8080 &ObjectReference{Kind:Pod,Namespace:play,Name:csv-776bb4cb58-ktn2z,UID:c315ed3e-af8b-4a4c-b3a9-ffe96a34e004,APIVersion:,ResourceVersion:39688971,FieldPath:,}} {10.42.16.112 8080 &ObjectReference{Kind:Pod,Namespace:play,Name:csv-776bb4cb58-76k44,UID:2f9d2195-53e8-4736-9bfd-9a1936c9455c,APIVersion:,ResourceVersion:37854004,FieldPath:,}} {10.42.2.133 8080 &ObjectReference{Kind:Pod,Namespace:play,Name:csv-776bb4cb58-2krg9,UID:a43127a1-a31d-494d-8886-182b8109f0d1,APIVersion:,ResourceVersion:40529963,FieldPath:,}}]",f69701e0,"[{<*> <*> &ObjectReference{Kind:Pod,Namespace:play,Name:csv-776bb4cb58-ktn2z,UID:c315ed3e-af8b-4a4c-b3a9-ffe96a34e004,APIVersion:,ResourceVersion:<*>,FieldPath:,}} {<*> <*> &ObjectReference{Kind:Pod,Namespace:play,Name:csv-776bb4cb58-76k44,UID:2f9d2195-53e8-<*>-9bfd-9a1936c9455c,APIVersion:,ResourceVersion:<*>,FieldPath:,}} {<*> <*> &ObjectReference{Kind:Pod,Namespace:play,Name:csv-776bb4cb58-2krg9,UID:a43127a1-a31d-494d-<*>-182b8109f0d1,APIVersion:,ResourceVersion:<*>,FieldPath:,}}]","['10.42.13.74 8080', '39688971', '10.42.16.112 8080', '4736', '37854004', '10.42.2.133 8080', '8886', '40529963']"
5,I0819,15:12:22.860996,6,endpoints.go:136],"Endpoints found for Service ""play/debian9-install""","[{10.42.13.206 8080 &ObjectReference{Kind:Pod,Namespace:play,Name:debian9-install-c99587d8f-tsdkw,UID:9f2ac962-2364-4101-8b0d-402b4cf76c11,APIVersion:,ResourceVersion:39962379,FieldPath:,}} {10.42.2.148 8080 &ObjectReference{Kind:Pod,Namespace:play,Name:debian9-install-c99587d8f-kpwhc,UID:5b2e7549-8cb8-420a-999f-3379773a9929,APIVersion:,ResourceVersion:40624943,FieldPath:,}} {10.42.5.147 8080 &ObjectReference{Kind:Pod,Namespace:play,Name:debian9-install-c99587d8f-r44dw,UID:9e4b7af1-f85d-4043-95fe-282fd3e4a982,APIVersion:,ResourceVersion:40100589,FieldPath:,}}]",f637edb5,"[{<*> <*> &ObjectReference{Kind:Pod,Namespace:play,Name:debian9-install-c99587d8f-tsdkw,UID:9f2ac962-<*>-<*>-8b0d-402b4cf76c11,APIVersion:,ResourceVersion:<*>,FieldPath:,}} {<*> <*> &ObjectReference{Kind:Pod,Namespace:play,Name:debian9-install-c99587d8f-kpwhc,UID:5b2e7549-8cb8-420a-999f-3379773a9929,APIVersion:,ResourceVersion:<*>,FieldPath:,}} {<*> <*> &ObjectReference{Kind:Pod,Namespace:play,Name:debian9-install-c99587d8f-r44dw,UID:9e4b7af1-f85d-<*>-95fe-282fd3e4a982,APIVersion:,ResourceVersion:<*>,FieldPath:,}}]","['10.42.13.206 8080', '2364-4101', '39962379', '10.42.2.148 8080', '40624943', '10.42.5.147 8080', '4043', '40100589']"
6,I0819,15:12:22.861084,6,endpoints.go:136],"Endpoints found for Service ""play/didyoumean""","[{10.42.16.148 8080 &ObjectReference{Kind:Pod,Namespace:play,Name:didyoumean-6b5d8569-vrpv4,UID:0f73d5e2-0f53-49d3-abe5-7b5883d847ac,APIVersion:,ResourceVersion:40673391,FieldPath:,}} {10.42.2.140 8080 &ObjectReference{Kind:Pod,Namespace:play,Name:didyoumean-6b5d8569-l796r,UID:e20012b3-aa03-43fa-95cc-687c17d4c783,APIVersion:,ResourceVersion:40595293,FieldPath:,}} {10.42.8.93 8080 &ObjectReference{Kind:Pod,Namespace:play,Name:didyoumean-6b5d8569-nptcx,UID:fd4dfc60-4377-451a-8303-0d289e751d1f,APIVersion:,ResourceVersion:40565662,FieldPath:,}}]",ab8e1c98,"[{<*> <*> &ObjectReference{Kind:Pod,Namespace:play,Name:didyoumean-6b5d8569-vrpv4,UID:0f73d5e2-0f53-49d3-abe5-7b5883d847ac,APIVersion:,ResourceVersion:<*>,FieldPath:,}} {<*> <*> &ObjectReference{Kind:Pod,Namespace:play,Name:didyoumean-6b5d8569-l796r,UID:e20012b3-aa03-43fa-95cc-687c17d4c783,APIVersion:,ResourceVersion:<*>,FieldPath:,}} {<*> <*> &ObjectReference{Kind:Pod,Namespace:play,Name:didyoumean-6b5d8569-nptcx,UID:fd4dfc60-<*>-451a-<*>-0d289e751d1f,APIVersion:,ResourceVersion:<*>,FieldPath:,}}]","['10.42.16.148 8080', '40673391', '10.42.2.140 8080', '40595293', '10.42.8.93 8080', '4377', '8303', '40565662']"
7,I0819,15:12:22.861152,6,endpoints.go:136],"Endpoints found for Service ""play/didyoumean""","[{10.42.16.148 80 &ObjectReference{Kind:Pod,Namespace:play,Name:didyoumean-6b5d8569-vrpv4,UID:0f73d5e2-0f53-49d3-abe5-7b5883d847ac,APIVersion:,ResourceVersion:40673391,FieldPath:,}} {10.42.2.140 80 &ObjectReference{Kind:Pod,Namespace:play,Name:didyoumean-6b5d8569-l796r,UID:e20012b3-aa03-43fa-95cc-687c17d4c783,APIVersion:,ResourceVersion:40595293,FieldPath:,}} {10.42.8.93 80 &ObjectReference{Kind:Pod,Namespace:play,Name:didyoumean-6b5d8569-nptcx,UID:fd4dfc60-4377-451a-8303-0d289e751d1f,APIVersion:,ResourceVersion:40565662,FieldPath:,}}]",ab8e1c98,"[{<*> <*> &ObjectReference{Kind:Pod,Namespace:play,Name:didyoumean-6b5d8569-vrpv4,UID:0f73d5e2-0f53-49d3-abe5-7b5883d847ac,APIVersion:,ResourceVersion:<*>,FieldPath:,}} {<*> <*> &ObjectReference{Kind:Pod,Namespace:play,Name:didyoumean-6b5d8569-l796r,UID:e20012b3-aa03-43fa-95cc-687c17d4c783,APIVersion:,ResourceVersion:<*>,FieldPath:,}} {<*> <*> &ObjectReference{Kind:Pod,Namespace:play,Name:didyoumean-6b5d8569-nptcx,UID:fd4dfc60-<*>-451a-<*>-0d289e751d1f,APIVersion:,ResourceVersion:<*>,FieldPath:,}}]","['10.42.16.148 80', '40673391', '10.42.2.140 80', '40595293', '10.42.8.93 80', '4377', '8303', '40565662']"
8,I0819,15:12:22.861233,6,endpoints.go:136],"Endpoints found for Service ""play/docstore""","[{10.42.13.123 8080 &ObjectReference{Kind:Pod,Namespace:play,Name:docstore-9b9f6c6bf-tf2l6,UID:d38d9dce-b84a-486d-87e1-a748e00d7028,APIVersion:,ResourceVersion:40099737,FieldPath:,}} {10.42.15.159 8080 &ObjectReference{Kind:Pod,Namespace:play,Name:docstore-9b9f6c6bf-rt5nb,UID:075ffe96-284d-40a6-ac52-4384f423cf2a,APIVersion:,ResourceVersion:38243998,FieldPath:,}} {10.42.2.142 8080 &ObjectReference{Kind:Pod,Namespace:play,Name:docstore-9b9f6c6bf-8wb7b,UID:044ffee1-ec05-4962-b656-9e9cc86336be,APIVersion:,ResourceVersion:40612334,FieldPath:,}}]",d17437fd,"[{<*> <*> &ObjectReference{Kind:Pod,Namespace:play,Name:docstore-9b9f6c6bf-tf2l6,UID:d38d9dce-b84a-486d-87e1-a748e00d7028,APIVersion:,ResourceVersion:<*>,FieldPath:,}} {<*> <*> &ObjectReference{Kind:Pod,Namespace:play,Name:docstore-9b9f6c6bf-rt5nb,UID:075ffe96-284d-40a6-ac52-4384f423cf2a,APIVersion:,ResourceVersion:<*>,FieldPath:,}} {<*> <*> &ObjectReference{Kind:Pod,Namespace:play,Name:docstore-9b9f6c6bf-8wb7b,UID:044ffee1-ec05-<*>-b656-9e9cc86336be,APIVersion:,ResourceVersion:<*>,FieldPath:,}}]","['10.42.13.123 8080', '40099737', '10.42.15.159 8080', '38243998', '10.42.2.142 8080', '4962', '40612334']"
9,I0819,15:12:22.861375,6,endpoints.go:136],"Endpoints found for Service ""play/faceting""","[{10.42.13.130 8080 &ObjectReference{Kind:Pod,Namespace:play,Name:faceting-7bcdd96989-c8zj4,UID:fd5bdb9c-dbc2-44d2-956c-f4b607a5759a,APIVersion:,ResourceVersion:40526684,FieldPath:,}} {10.42.15.174 8080 &ObjectReference{Kind:Pod,Namespace:play,Name:faceting-7bcdd96989-qlhx8,UID:32a67048-2213-4d25-9674-6ee8023c4582,APIVersion:,ResourceVersion:40655078,FieldPath:,}} {10.42.17.51 8080 &ObjectReference{Kind:Pod,Namespace:play,Name:faceting-7bcdd96989-tp47b,UID:f0ee3441-0216-4b02-816f-9b1710c9ad41,APIVersion:,ResourceVersion:40692273,FieldPath:,}}]",e807f961,"[{<*> <*> &ObjectReference{Kind:Pod,Namespace:play,Name:faceting-7bcdd96989-c8zj4,UID:fd5bdb9c-dbc2-44d2-956c-f4b607a5759a,APIVersion:,ResourceVersion:<*>,FieldPath:,}} {<*> <*> &ObjectReference{Kind:Pod,Namespace:play,Name:faceting-7bcdd96989-qlhx8,UID:32a67048-<*>-4d25-<*>-6ee8023c4582,APIVersion:,ResourceVersion:<*>,FieldPath:,}} {<*> <*> &ObjectReference{Kind:Pod,Namespace:play,Name:faceting-7bcdd96989-tp47b,UID:f0ee3441-<*>-4b02-816f-9b1710c9ad41,APIVersion:,ResourceVersion:<*>,FieldPath:,}}]","['10.42.13.130 8080', '40526684', '10.42.15.174 8080', '2213', '9674', '40655078', '10.42.17.51 8080', '0216', '40692273']"
10,I0819,15:12:22.861524,6,endpoints.go:136],"Endpoints found for Service ""play/faceting""","[{10.42.13.130 80 &ObjectReference{Kind:Pod,Namespace:play,Name:faceting-7bcdd96989-c8zj4,UID:fd5bdb9c-dbc2-44d2-956c-f4b607a5759a,APIVersion:,ResourceVersion:40526684,FieldPath:,}} {10.42.15.174 80 &ObjectReference{Kind:Pod,Namespace:play,Name:faceting-7bcdd96989-qlhx8,UID:32a67048-2213-4d25-9674-6ee8023c4582,APIVersion:,ResourceVersion:40655078,FieldPath:,}} {10.42.17.51 80 &ObjectReference{Kind:Pod,Namespace:play,Name:faceting-7bcdd96989-tp47b,UID:f0ee3441-0216-4b02-816f-9b1710c9ad41,APIVersion:,ResourceVersion:40692273,FieldPath:,}}]",e807f961,"[{<*> <*> &ObjectReference{Kind:Pod,Namespace:play,Name:faceting-7bcdd96989-c8zj4,UID:fd5bdb9c-dbc2-44d2-956c-f4b607a5759a,APIVersion:,ResourceVersion:<*>,FieldPath:,}} {<*> <*> &ObjectReference{Kind:Pod,Namespace:play,Name:faceting-7bcdd96989-qlhx8,UID:32a67048-<*>-4d25-<*>-6ee8023c4582,APIVersion:,ResourceVersion:<*>,FieldPath:,}} {<*> <*> &ObjectReference{Kind:Pod,Namespace:play,Name:faceting-7bcdd96989-tp47b,UID:f0ee3441-<*>-4b02-816f-9b1710c9ad41,APIVersion:,ResourceVersion:<*>,FieldPath:,}}]","['10.42.13.130 80', '40526684', '10.42.15.174 80', '2213', '9674', '40655078', '10.42.17.51 80', '0216', '40692273']"
11,I0819,15:12:22.861648,6,endpoints.go:136],"Endpoints found for Service ""play/fulltextintro""","[{10.42.15.171 8080 &ObjectReference{Kind:Pod,Namespace:play,Name:fulltextintro-6f6b4d57f5-vm28j,UID:20a216c5-cc5c-4b8f-9b7e-c3d872ca1728,APIVersion:,ResourceVersion:40548355,FieldPath:,}} {10.42.17.41 8080 &ObjectReference{Kind:Pod,Namespace:play,Name:fulltextintro-6f6b4d57f5-qmgcp,UID:0f61b962-d068-4850-89e1-995c4b5783ee,APIVersion:,ResourceVersion:40572722,FieldPath:,}} {10.42.2.158 8080 &ObjectReference{Kind:Pod,Namespace:play,Name:fulltextintro-6f6b4d57f5-47jnz,UID:5223585f-587a-49fd-bd07-679a58707aae,APIVersion:,ResourceVersion:40664226,FieldPath:,}}]",ae8c2935,"[{<*> <*> &ObjectReference{Kind:Pod,Namespace:play,Name:fulltextintro-6f6b4d57f5-vm28j,UID:20a216c5-cc5c-4b8f-9b7e-c3d872ca1728,APIVersion:,ResourceVersion:<*>,FieldPath:,}} {<*> <*> &ObjectReference{Kind:Pod,Namespace:play,Name:fulltextintro-6f6b4d57f5-qmgcp,UID:0f61b962-d068-<*>-89e1-995c4b5783ee,APIVersion:,ResourceVersion:<*>,FieldPath:,}} {<*> <*> &ObjectReference{Kind:Pod,Namespace:play,Name:fulltextintro-6f6b4d57f5-47jnz,UID:5223585f-587a-49fd-bd07-679a58707aae,APIVersion:,ResourceVersion:<*>,FieldPath:,}}]","['10.42.15.171 8080', '40548355', '10.42.17.41 8080', '4850', '40572722', '10.42.2.158 8080', '40664226']"
12,I0819,15:12:22.861742,6,endpoints.go:136],"Endpoints found for Service ""play/geosearch""","[{10.42.17.243 8080 &ObjectReference{Kind:Pod,Namespace:play,Name:geosearch-6b5d7f4d5d-fc5pj,UID:5335ff64-7f37-448b-bdfd-e9ea2b81848a,APIVersion:,ResourceVersion:40195093,FieldPath:,}} {10.42.2.136 8080 &ObjectReference{Kind:Pod,Namespace:play,Name:geosearch-6b5d7f4d5d-pnnbf,UID:0fb33446-90e4-4411-ad66-242da81dac67,APIVersion:,ResourceVersion:40565790,FieldPath:,}} {10.42.8.91 8080 &ObjectReference{Kind:Pod,Namespace:play,Name:geosearch-6b5d7f4d5d-rqj9k,UID:bc325db6-5e81-41f5-a5fb-6ae2e6b360f2,APIVersion:,ResourceVersion:39344113,FieldPath:,}}]",6b6745a7,"[{<*> <*> &ObjectReference{Kind:Pod,Namespace:play,Name:geosearch-6b5d7f4d5d-fc5pj,UID:5335ff64-7f37-448b-bdfd-e9ea2b81848a,APIVersion:,ResourceVersion:<*>,FieldPath:,}} {<*> <*> &ObjectReference{Kind:Pod,Namespace:play,Name:geosearch-6b5d7f4d5d-pnnbf,UID:0fb33446-90e4-<*>-ad66-242da81dac67,APIVersion:,ResourceVersion:<*>,FieldPath:,}} {<*> <*> &ObjectReference{Kind:Pod,Namespace:play,Name:geosearch-6b5d7f4d5d-rqj9k,UID:bc325db6-5e81-41f5-a5fb-6ae2e6b360f2,APIVersion:,ResourceVersion:<*>,FieldPath:,}}]","['10.42.17.243 8080', '40195093', '10.42.2.136 8080', '4411', '40565790', '10.42.8.91 8080', '39344113']"
13,I0819,15:12:22.861836,6,endpoints.go:136],"Endpoints found for Service ""play/go-sdk""","[{10.42.1.17 8080 &ObjectReference{Kind:Pod,Namespace:play,Name:go-sdk-849984947d-dg6n9,UID:9cb4e2bd-d0a8-4e14-ba5c-1591d99b0f5f,APIVersion:,ResourceVersion:38156789,FieldPath:,}} {10.42.15.164 8080 &ObjectReference{Kind:Pod,Namespace:play,Name:go-sdk-849984947d-l4pxt,UID:4faff98a-a1be-43a6-88ab-5f13ec627fc5,APIVersion:,ResourceVersion:38589920,FieldPath:,}} {10.42.5.145 8080 &ObjectReference{Kind:Pod,Namespace:play,Name:go-sdk-849984947d-khkzq,UID:911653e2-9e27-4532-b273-f91472d58c4c,APIVersion:,ResourceVersion:40099702,FieldPath:,}}]",f234ea90,"[{<*> <*> &ObjectReference{Kind:Pod,Namespace:play,Name:go-sdk-849984947d-dg6n9,UID:9cb4e2bd-d0a8-4e14-ba5c-1591d99b0f5f,APIVersion:,ResourceVersion:<*>,FieldPath:,}} {<*> <*> &ObjectReference{Kind:Pod,Namespace:play,Name:go-sdk-849984947d-l4pxt,UID:4faff98a-a1be-43a6-88ab-5f13ec627fc5,APIVersion:,ResourceVersion:<*>,FieldPath:,}} {<*> <*> &ObjectReference{Kind:Pod,Namespace:play,Name:go-sdk-849984947d-khkzq,UID:911653e2-9e27-<*>-b273-f91472d58c4c,APIVersion:,ResourceVersion:<*>,FieldPath:,}}]","['10.42.1.17 8080', '38156789', '10.42.15.164 8080', '38589920', '10.42.5.145 8080', '4532', '40099702']"
14,I0819,15:12:22.861964,6,endpoints.go:136],"Endpoints found for Service ""play/highlighting""","[{10.42.1.41 8080 &ObjectReference{Kind:Pod,Namespace:play,Name:highlighting-cf8c6d8fd-bhrwr,UID:a41a7cdb-27c5-4a05-9bbd-08a787cddd4d,APIVersion:,ResourceVersion:40099147,FieldPath:,}} {10.42.17.48 8080 &ObjectReference{Kind:Pod,Namespace:play,Name:highlighting-cf8c6d8fd-mp2vf,UID:c0779589-300c-457c-b2fe-f3a0aa5ac7d6,APIVersion:,ResourceVersion:40664452,FieldPath:,}} {10.42.2.183 8080 &ObjectReference{Kind:Pod,Namespace:play,Name:highlighting-cf8c6d8fd-v6gdl,UID:bd03b5cc-1cb4-4b1c-b8af-c3a1492063b9,APIVersion:,ResourceVersion:40689353,FieldPath:,}}]",a761a717,"[{<*> <*> &ObjectReference{Kind:Pod,Namespace:play,Name:highlighting-cf8c6d8fd-bhrwr,UID:a41a7cdb-27c5-4a05-9bbd-08a787cddd4d,APIVersion:,ResourceVersion:<*>,FieldPath:,}} {<*> <*> &ObjectReference{Kind:Pod,Namespace:play,Name:highlighting-cf8c6d8fd-mp2vf,UID:c0779589-300c-457c-b2fe-f3a0aa5ac7d6,APIVersion:,ResourceVersion:<*>,FieldPath:,}} {<*> <*> &ObjectReference{Kind:Pod,Namespace:play,Name:highlighting-cf8c6d8fd-v6gdl,UID:bd03b5cc-1cb4-4b1c-b8af-c3a1492063b9,APIVersion:,ResourceVersion:<*>,FieldPath:,}}]","['10.42.1.41 8080', '40099147', '10.42.17.48 8080', '40664452', '10.42.2.183 8080', '40689353']"
15,I0819,15:12:22.862084,6,endpoints.go:136],"Endpoints found for Service ""play/highlighting""","[{10.42.1.41 80 &ObjectReference{Kind:Pod,Namespace:play,Name:highlighting-cf8c6d8fd-bhrwr,UID:a41a7cdb-27c5-4a05-9bbd-08a787cddd4d,APIVersion:,ResourceVersion:40099147,FieldPath:,}} {10.42.17.48 80 &ObjectReference{Kind:Pod,Namespace:play,Name:highlighting-cf8c6d8fd-mp2vf,UID:c0779589-300c-457c-b2fe-f3a0aa5ac7d6,APIVersion:,ResourceVersion:40664452,FieldPath:,}} {10.42.2.183 80 &ObjectReference{Kind:Pod,Namespace:play,Name:highlighting-cf8c6d8fd-v6gdl,UID:bd03b5cc-1cb4-4b1c-b8af-c3a1492063b9,APIVersion:,ResourceVersion:40689353,FieldPath:,}}]",a761a717,"[{<*> <*> &ObjectReference{Kind:Pod,Namespace:play,Name:highlighting-cf8c6d8fd-bhrwr,UID:a41a7cdb-27c5-4a05-9bbd-08a787cddd4d,APIVersion:,ResourceVersion:<*>,FieldPath:,}} {<*> <*> &ObjectReference{Kind:Pod,Namespace:play,Name:highlighting-cf8c6d8fd-mp2vf,UID:c0779589-300c-457c-b2fe-f3a0aa5ac7d6,APIVersion:,ResourceVersion:<*>,FieldPath:,}} {<*> <*> &ObjectReference{Kind:Pod,Namespace:play,Name:highlighting-cf8c6d8fd-v6gdl,UID:bd03b5cc-1cb4-4b1c-b8af-c3a1492063b9,APIVersion:,ResourceVersion:<*>,FieldPath:,}}]","['10.42.1.41 80', '40099147', '10.42.17.48 80', '40664452', '10.42.2.183 80', '40689353']"
16,I0819,15:12:22.862186,6,endpoints.go:136],"Endpoints found for Service ""play/https""","[{10.42.1.181 8080 &ObjectReference{Kind:Pod,Namespace:play,Name:https-6ddc6b4578-nhqvk,UID:dd0df7af-3fdd-4cf0-8d94-e47123d4ed98,APIVersion:,ResourceVersion:34927522,FieldPath:,}} {10.42.13.122 8080 &ObjectReference{Kind:Pod,Namespace:play,Name:https-6ddc6b4578-4ljw2,UID:7e897606-beb7-47cd-a301-7a494ee8443f,APIVersion:,ResourceVersion:40099108,FieldPath:,}} {10.42.8.97 8080 &ObjectReference{Kind:Pod,Namespace:play,Name:https-6ddc6b4578-rsk9f,UID:cf99910a-bd20-49da-9727-4b5926c79ddc,APIVersion:,ResourceVersion:40099692,FieldPath:,}}]",815e208d,"[{<*> <*> &ObjectReference{Kind:Pod,Namespace:play,Name:https-6ddc6b4578-nhqvk,UID:dd0df7af-3fdd-4cf0-8d94-e47123d4ed98,APIVersion:,ResourceVersion:<*>,FieldPath:,}} {<*> <*> &ObjectReference{Kind:Pod,Namespace:play,Name:https-6ddc6b4578-4ljw2,UID:7e897606-beb7-47cd-a301-7a494ee8443f,APIVersion:,ResourceVersion:<*>,FieldPath:,}} {<*> <*> &ObjectReference{Kind:Pod,Namespace:play,Name:https-6ddc6b4578-rsk9f,UID:cf99910a-bd20-49da-<*>-4b5926c79ddc,APIVersion:,ResourceVersion:<*>,FieldPath:,}}]","['10.42.1.181 8080', '34927522', '10.42.13.122 8080', '40099108', '10.42.8.97 8080', '9727', '40099692']"
17,I0819,15:12:22.862291,6,endpoints.go:136],"Endpoints found for Service ""play/icu-chinese""","[{10.42.13.131 8080 &ObjectReference{Kind:Pod,Namespace:play,Name:icu-chinese-75b84fc679-g8fhb,UID:4e0d11ce-954f-4a85-97fb-5d06d370138a,APIVersion:,ResourceVersion:40649591,FieldPath:,}} {10.42.17.52 8080 &ObjectReference{Kind:Pod,Namespace:play,Name:icu-chinese-75b84fc679-c8r2x,UID:423a0a4e-ba38-4a36-8f81-8e18c548f844,APIVersion:,ResourceVersion:40692545,FieldPath:,}} {10.42.2.138 8080 &ObjectReference{Kind:Pod,Namespace:play,Name:icu-chinese-75b84fc679-kr4sb,UID:e9a46831-73fa-4a2f-8a17-f6be48f5190b,APIVersion:,ResourceVersion:40577986,FieldPath:,}}]",5950c206,"[{<*> <*> &ObjectReference{Kind:Pod,Namespace:play,Name:icu-chinese-75b84fc679-g8fhb,UID:4e0d11ce-954f-4a85-97fb-5d06d370138a,APIVersion:,ResourceVersion:<*>,FieldPath:,}} {<*> <*> &ObjectReference{Kind:Pod,Namespace:play,Name:icu-chinese-75b84fc679-c8r2x,UID:423a0a4e-ba38-4a36-8f81-8e18c548f844,APIVersion:,ResourceVersion:<*>,FieldPath:,}} {<*> <*> &ObjectReference{Kind:Pod,Namespace:play,Name:icu-chinese-75b84fc679-kr4sb,UID:e9a46831-73fa-4a2f-8a17-f6be48f5190b,APIVersion:,ResourceVersion:<*>,FieldPath:,}}]","['10.42.13.131 8080', '40649591', '10.42.17.52 8080', '40692545', '10.42.2.138 8080', '40577986']"
18,I0819,15:12:22.862372,6,endpoints.go:136],"Endpoints found for Service ""play/json""","[{10.42.13.42 8080 &ObjectReference{Kind:Pod,Namespace:play,Name:json-55d974686c-j4w7h,UID:e757eadb-cbac-4080-a18f-f0688e625539,APIVersion:,ResourceVersion:37729011,FieldPath:,}} {10.42.15.168 8080 &ObjectReference{Kind:Pod,Namespace:play,Name:json-55d974686c-ggnx4,UID:f25d4a8b-6fda-4d30-92a0-3cf9ac734779,APIVersion:,ResourceVersion:40099772,FieldPath:,}} {10.42.16.214 8080 &ObjectReference{Kind:Pod,Namespace:play,Name:json-55d974686c-tdtgj,UID:045efca3-826f-43b9-bc7e-07b968602c01,APIVersion:,ResourceVersion:30822715,FieldPath:,}}]",5ae51c22,"[{<*> <*> &ObjectReference{Kind:Pod,Namespace:play,Name:json-55d974686c-j4w7h,UID:e757eadb-cbac-<*>-a18f-f0688e625539,APIVersion:,ResourceVersion:<*>,FieldPath:,}} {<*> <*> &ObjectReference{Kind:Pod,Namespace:play,Name:json-55d974686c-ggnx4,UID:f25d4a8b-6fda-4d30-92a0-3cf9ac734779,APIVersion:,ResourceVersion:<*>,FieldPath:,}} {<*> <*> &ObjectReference{Kind:Pod,Namespace:play,Name:json-55d974686c-tdtgj,UID:045efca3-826f-43b9-bc7e-07b968602c01,APIVersion:,ResourceVersion:<*>,FieldPath:,}}]","['10.42.13.42 8080', '4080', '37729011', '10.42.15.168 8080', '40099772', '10.42.16.214 8080', '30822715']"
19,I0819,15:12:22.862454,6,endpoints.go:136],"Endpoints found for Service ""play/maindelta""","[{10.42.13.129 8080 &ObjectReference{Kind:Pod,Namespace:play,Name:maindelta-5797df46d4-5pt5k,UID:25b2dbbe-84f5-4ebd-8b6f-5b186777db26,APIVersion:,ResourceVersion:40306985,FieldPath:,}} {10.42.15.107 8080 &ObjectReference{Kind:Pod,Namespace:play,Name:maindelta-5797df46d4-fnm2g,UID:cc6a1f5d-5bc1-4e98-a76d-eb2c815d2b1e,APIVersion:,ResourceVersion:37967105,FieldPath:,}} {10.42.2.159 8080 &ObjectReference{Kind:Pod,Namespace:play,Name:maindelta-5797df46d4-f5x5b,UID:a38b3b82-00ea-40f7-aebc-d8aeee41eff1,APIVersion:,ResourceVersion:40664234,FieldPath:,}}]",9e8702a0,"[{<*> <*> &ObjectReference{Kind:Pod,Namespace:play,Name:maindelta-5797df46d4-5pt5k,UID:25b2dbbe-84f5-4ebd-8b6f-5b186777db26,APIVersion:,ResourceVersion:<*>,FieldPath:,}} {<*> <*> &ObjectReference{Kind:Pod,Namespace:play,Name:maindelta-5797df46d4-fnm2g,UID:cc6a1f5d-5bc1-4e98-a76d-eb2c815d2b1e,APIVersion:,ResourceVersion:<*>,FieldPath:,}} {<*> <*> &ObjectReference{Kind:Pod,Namespace:play,Name:maindelta-5797df46d4-f5x5b,UID:a38b3b82-00ea-40f7-aebc-d8aeee41eff1,APIVersion:,ResourceVersion:<*>,FieldPath:,}}]","['10.42.13.129 8080', '40306985', '10.42.15.107 8080', '37967105', '10.42.2.159 8080', '40664234']"
20,I0819,15:12:22.862530,6,endpoints.go:136],"Endpoints found for Service ""play/mlt""","[{10.42.1.18 8080 &ObjectReference{Kind:Pod,Namespace:play,Name:mlt-594b758c9-wsv45,UID:04c988f7-c3ce-46c5-951e-0a400596ec86,APIVersion:,ResourceVersion:38173234,FieldPath:,}} {10.42.13.127 8080 &ObjectReference{Kind:Pod,Namespace:play,Name:mlt-594b758c9-z9tt8,UID:a9ea332a-a92c-4d50-a8be-2eb87dd4d334,APIVersion:,ResourceVersion:30081730,FieldPath:,}} {10.42.16.97 8080 &ObjectReference{Kind:Pod,Namespace:play,Name:mlt-594b758c9-bcmms,UID:b416781c-54c8-4012-abec-90b6f526214b,APIVersion:,ResourceVersion:37383923,FieldPath:,}}]",386c9baf,"[{<*> <*> &ObjectReference{Kind:Pod,Namespace:play,Name:mlt-594b758c9-wsv45,UID:04c988f7-c3ce-46c5-951e-0a400596ec86,APIVersion:,ResourceVersion:<*>,FieldPath:,}} {<*> <*> &ObjectReference{Kind:Pod,Namespace:play,Name:mlt-594b758c9-z9tt8,UID:a9ea332a-a92c-4d50-a8be-2eb87dd4d334,APIVersion:,ResourceVersion:<*>,FieldPath:,}} {<*> <*> &ObjectReference{Kind:Pod,Namespace:play,Name:mlt-594b758c9-bcmms,UID:b416781c-54c8-<*>-abec-90b6f526214b,APIVersion:,ResourceVersion:<*>,FieldPath:,}}]","['10.42.1.18 8080', '38173234', '10.42.13.127 8080', '30081730', '10.42.16.97 8080', '4012', '37383923']"
21,I0819,15:12:22.862604,6,endpoints.go:136],"Endpoints found for Service ""play/mlt""","[{10.42.1.18 80 &ObjectReference{Kind:Pod,Namespace:play,Name:mlt-594b758c9-wsv45,UID:04c988f7-c3ce-46c5-951e-0a400596ec86,APIVersion:,ResourceVersion:38173234,FieldPath:,}} {10.42.13.127 80 &ObjectReference{Kind:Pod,Namespace:play,Name:mlt-594b758c9-z9tt8,UID:a9ea332a-a92c-4d50-a8be-2eb87dd4d334,APIVersion:,ResourceVersion:30081730,FieldPath:,}} {10.42.16.97 80 &ObjectReference{Kind:Pod,Namespace:play,Name:mlt-594b758c9-bcmms,UID:b416781c-54c8-4012-abec-90b6f526214b,APIVersion:,ResourceVersion:37383923,FieldPath:,}}]",386c9baf,"[{<*> <*> &ObjectReference{Kind:Pod,Namespace:play,Name:mlt-594b758c9-wsv45,UID:04c988f7-c3ce-46c5-951e-0a400596ec86,APIVersion:,ResourceVersion:<*>,FieldPath:,}} {<*> <*> &ObjectReference{Kind:Pod,Namespace:play,Name:mlt-594b758c9-z9tt8,UID:a9ea332a-a92c-4d50-a8be-2eb87dd4d334,APIVersion:,ResourceVersion:<*>,FieldPath:,}} {<*> <*> &ObjectReference{Kind:Pod,Namespace:play,Name:mlt-594b758c9-bcmms,UID:b416781c-54c8-<*>-abec-90b6f526214b,APIVersion:,ResourceVersion:<*>,FieldPath:,}}]","['10.42.1.18 80', '38173234', '10.42.13.127 80', '30081730', '10.42.16.97 80', '4012', '37383923']"
22,I0819,15:12:22.862682,6,endpoints.go:136],"Endpoints found for Service ""play/mysql""","[{10.42.1.38 8080 &ObjectReference{Kind:Pod,Namespace:play,Name:mysql-8c4688988-mjg4l,UID:aa26a5e1-739a-4876-97eb-72d86691beef,APIVersion:,ResourceVersion:40099092,FieldPath:,}} {10.42.13.128 8080 &ObjectReference{Kind:Pod,Namespace:play,Name:mysql-8c4688988-6xg8d,UID:948a26b2-8256-4ffa-9936-923365fc30fa,APIVersion:,ResourceVersion:40269245,FieldPath:,}} {10.42.17.253 8080 &ObjectReference{Kind:Pod,Namespace:play,Name:mysql-8c4688988-7xwlh,UID:5de064be-2c57-4c40-985a-41c3dc2c1ccf,APIVersion:,ResourceVersion:40232988,FieldPath:,}} {10.42.8.74 8080 &ObjectReference{Kind:Pod,Namespace:play,Name:mysql-8c4688988-lrlmq,UID:18c1803f-e2fa-4f33-ad5e-e393404d753a,APIVersion:,ResourceVersion:40669608,FieldPath:,}}]",e38979c6,"[{<*> <*> &ObjectReference{Kind:Pod,Namespace:play,Name:mysql-8c4688988-mjg4l,UID:aa26a5e1-739a-<*>-97eb-72d86691beef,APIVersion:,ResourceVersion:<*>,FieldPath:,}} {<*> <*> &ObjectReference{Kind:Pod,Namespace:play,Name:mysql-8c4688988-6xg8d,UID:948a26b2-<*>-4ffa-<*>-923365fc30fa,APIVersion:,ResourceVersion:<*>,FieldPath:,}} {<*> <*> &ObjectReference{Kind:Pod,Namespace:play,Name:mysql-8c4688988-7xwlh,UID:5de064be-2c57-4c40-985a-41c3dc2c1ccf,APIVersion:,ResourceVersion:<*>,FieldPath:,}} {<*> <*> &ObjectReference{Kind:Pod,Namespace:play,Name:mysql-8c4688988-lrlmq,UID:18c1803f-e2fa-4f33-ad5e-e393404d753a,APIVersion:,ResourceVersion:<*>,FieldPath:,}}]","['10.42.1.38 8080', '4876', '40099092', '10.42.13.128 8080', '8256', '9936', '40269245', '10.42.17.253 8080', '40232988', '10.42.8.74 8080', '40669608']"
23,I0819,15:12:22.862783,6,endpoints.go:136],"Endpoints found for Service ""play/pq""","[{10.42.13.73 8080 &ObjectReference{Kind:Pod,Namespace:play,Name:pq-f6f867f-blrzk,UID:af52d91f-cde3-49d6-bd3a-f2136b4db139,APIVersion:,ResourceVersion:39162354,FieldPath:,}} {10.42.15.158 8080 &ObjectReference{Kind:Pod,Namespace:play,Name:pq-f6f867f-qfv4g,UID:dc3d8dc5-c049-4f36-869a-a895a6ad53b4,APIVersion:,ResourceVersion:38197119,FieldPath:,}} {10.42.16.137 8080 &ObjectReference{Kind:Pod,Namespace:play,Name:pq-f6f867f-754dd,UID:d3741a1d-03f9-451f-9f45-4f968864d318,APIVersion:,ResourceVersion:39315608,FieldPath:,}}]",9e4f2c3b,"[{<*> <*> &ObjectReference{Kind:Pod,Namespace:play,Name:pq-f6f867f-blrzk,UID:af52d91f-cde3-49d6-bd3a-f2136b4db139,APIVersion:,ResourceVersion:<*>,FieldPath:,}} {<*> <*> &ObjectReference{Kind:Pod,Namespace:play,Name:pq-f6f867f-qfv4g,UID:dc3d8dc5-c049-4f36-869a-a895a6ad53b4,APIVersion:,ResourceVersion:<*>,FieldPath:,}} {<*> <*> &ObjectReference{Kind:Pod,Namespace:play,Name:pq-f6f867f-754dd,UID:d3741a1d-03f9-451f-9f45-4f968864d318,APIVersion:,ResourceVersion:<*>,FieldPath:,}}]","['10.42.13.73 8080', '39162354', '10.42.15.158 8080', '38197119', '10.42.16.137 8080', '39315608']"
24,I0819,15:12:22.862863,6,endpoints.go:136],"Endpoints found for Service ""play/replication""","[{10.42.13.147 8080 &ObjectReference{Kind:Pod,Namespace:play,Name:replication-88dbf9c79-pknq6,UID:334b6faa-0b51-49cb-9bdb-c1baf1e37ca7,APIVersion:,ResourceVersion:40731107,FieldPath:,}} {10.42.16.149 8080 &ObjectReference{Kind:Pod,Namespace:play,Name:replication-88dbf9c79-nt4cc,UID:669e128e-61da-4e34-b34a-22a2b06aa04c,APIVersion:,ResourceVersion:40725448,FieldPath:,}} {10.42.17.53 8080 &ObjectReference{Kind:Pod,Namespace:play,Name:replication-88dbf9c79-ntl24,UID:0fdac90b-a839-49b8-9950-d0cab0e3e3c8,APIVersion:,ResourceVersion:40701843,FieldPath:,}}]",dd7e5477,"[{<*> <*> &ObjectReference{Kind:Pod,Namespace:play,Name:replication-88dbf9c79-pknq6,UID:334b6faa-0b51-49cb-9bdb-c1baf1e37ca7,APIVersion:,ResourceVersion:<*>,FieldPath:,}} {<*> <*> &ObjectReference{Kind:Pod,Namespace:play,Name:replication-88dbf9c79-nt4cc,UID:669e128e-61da-4e34-b34a-22a2b06aa04c,APIVersion:,ResourceVersion:<*>,FieldPath:,}} {<*> <*> &ObjectReference{Kind:Pod,Namespace:play,Name:replication-88dbf9c79-ntl24,UID:0fdac90b-a839-49b8-<*>-d0cab0e3e3c8,APIVersion:,ResourceVersion:<*>,FieldPath:,}}]","['10.42.13.147 8080', '40731107', '10.42.16.149 8080', '40725448', '10.42.17.53 8080', '9950', '40701843']"
25,I0819,15:12:22.862941,6,endpoints.go:136],"Endpoints found for Service ""play/replicationfail""","[{10.42.13.139 8080 &ObjectReference{Kind:Pod,Namespace:play,Name:replicationfail-84788d9c8d-8b46z,UID:11e65ee3-c1d6-4596-b68c-c0e6cafab7d0,APIVersion:,ResourceVersion:40674579,FieldPath:,}} {10.42.15.111 8080 &ObjectReference{Kind:Pod,Namespace:play,Name:replicationfail-84788d9c8d-nbxmn,UID:5843aae1-c91a-41b1-8c5c-29104bd179b7,APIVersion:,ResourceVersion:36854289,FieldPath:,}} {10.42.2.160 8080 &ObjectReference{Kind:Pod,Namespace:play,Name:replicationfail-84788d9c8d-cqlmk,UID:0fdb2d0a-0340-48e8-ad46-941773ddee8f,APIVersion:,ResourceVersion:40664330,FieldPath:,}}]",e80787b5,"[{<*> <*> &ObjectReference{Kind:Pod,Namespace:play,Name:replicationfail-84788d9c8d-8b46z,UID:11e65ee3-c1d6-<*>-b68c-c0e6cafab7d0,APIVersion:,ResourceVersion:<*>,FieldPath:,}} {<*> <*> &ObjectReference{Kind:Pod,Namespace:play,Name:replicationfail-84788d9c8d-nbxmn,UID:5843aae1-c91a-41b1-8c5c-29104bd179b7,APIVersion:,ResourceVersion:<*>,FieldPath:,}} {<*> <*> &ObjectReference{Kind:Pod,Namespace:play,Name:replicationfail-84788d9c8d-cqlmk,UID:0fdb2d0a-<*>-48e8-ad46-941773ddee8f,APIVersion:,ResourceVersion:<*>,FieldPath:,}}]","['10.42.13.139 8080', '4596', '40674579', '10.42.15.111 8080', '36854289', '10.42.2.160 8080', '0340', '40664330']"
26,I0819,15:12:22.863018,6,endpoints.go:136],"Endpoints found for Service ""play/rtintro""","[{10.42.16.143 8080 &ObjectReference{Kind:Pod,Namespace:play,Name:rtintro-874c78757-4zf48,UID:fb33915c-1a76-43c9-b2cb-925b346245c1,APIVersion:,ResourceVersion:40269131,FieldPath:,}} {10.42.2.135 8080 &ObjectReference{Kind:Pod,Namespace:play,Name:rtintro-874c78757-7mgmf,UID:7205a868-e142-419c-bb97-1a6a9b316bc7,APIVersion:,ResourceVersion:40548020,FieldPath:,}} {10.42.8.76 8080 &ObjectReference{Kind:Pod,Namespace:play,Name:rtintro-874c78757-5gp8l,UID:b7bbe9e5-aee7-44c8-b3dc-a6451948f400,APIVersion:,ResourceVersion:37745945,FieldPath:,}}]",560578e1,"[{<*> <*> &ObjectReference{Kind:Pod,Namespace:play,Name:rtintro-874c78757-4zf48,UID:fb33915c-1a76-43c9-b2cb-925b346245c1,APIVersion:,ResourceVersion:<*>,FieldPath:,}} {<*> <*> &ObjectReference{Kind:Pod,Namespace:play,Name:rtintro-874c78757-7mgmf,UID:7205a868-e142-419c-bb97-1a6a9b316bc7,APIVersion:,ResourceVersion:<*>,FieldPath:,}} {<*> <*> &ObjectReference{Kind:Pod,Namespace:play,Name:rtintro-874c78757-5gp8l,UID:b7bbe9e5-aee7-44c8-b3dc-a6451948f400,APIVersion:,ResourceVersion:<*>,FieldPath:,}}]","['10.42.16.143 8080', '40269131', '10.42.2.135 8080', '40548020', '10.42.8.76 8080', '37745945']"
27,I0819,15:12:22.863095,6,endpoints.go:136],"Endpoints found for Service ""play/rtmode""","[{10.42.1.249 8080 &ObjectReference{Kind:Pod,Namespace:play,Name:rtmode-6fbcf8565d-hlpf7,UID:55ddbfae-2d9a-4067-84ea-cb2246887a3a,APIVersion:,ResourceVersion:40663011,FieldPath:,}} {10.42.13.47 8080 &ObjectReference{Kind:Pod,Namespace:play,Name:rtmode-6fbcf8565d-nbpxw,UID:f6ac6bd5-c527-4cb3-95ae-31c6d8decc9f,APIVersion:,ResourceVersion:37822865,FieldPath:,}} {10.42.16.132 8080 &ObjectReference{Kind:Pod,Namespace:play,Name:rtmode-6fbcf8565d-dlpvv,UID:9cfa2244-76b2-4cf7-8a95-d0d20d959eee,APIVersion:,ResourceVersion:38664717,FieldPath:,}}]",181b53b0,"[{<*> <*> &ObjectReference{Kind:Pod,Namespace:play,Name:rtmode-6fbcf8565d-hlpf7,UID:55ddbfae-2d9a-<*>-84ea-cb2246887a3a,APIVersion:,ResourceVersion:<*>,FieldPath:,}} {<*> <*> &ObjectReference{Kind:Pod,Namespace:play,Name:rtmode-6fbcf8565d-nbpxw,UID:f6ac6bd5-c527-4cb3-95ae-31c6d8decc9f,APIVersion:,ResourceVersion:<*>,FieldPath:,}} {<*> <*> &ObjectReference{Kind:Pod,Namespace:play,Name:rtmode-6fbcf8565d-dlpvv,UID:9cfa2244-76b2-4cf7-8a95-d0d20d959eee,APIVersion:,ResourceVersion:<*>,FieldPath:,}}]","['10.42.1.249 8080', '4067', '40663011', '10.42.13.47 8080', '37822865', '10.42.16.132 8080', '38664717']"
28,I0819,15:12:22.863184,6,endpoints.go:136],"Endpoints found for Service ""play/simpleautocomplete""","[{10.42.13.146 8080 &ObjectReference{Kind:Pod,Namespace:play,Name:simpleautocomplete-6fb4ffc67b-gk6s4,UID:884575ac-4c14-452e-b76c-73729e181fff,APIVersion:,ResourceVersion:40713778,FieldPath:,}} {10.42.16.147 8080 &ObjectReference{Kind:Pod,Namespace:play,Name:simpleautocomplete-6fb4ffc67b-rc5xx,UID:8e069401-8611-4bbc-9a77-202b42b4fff9,APIVersion:,ResourceVersion:40637671,FieldPath:,}} {10.42.17.47 8080 &ObjectReference{Kind:Pod,Namespace:play,Name:simpleautocomplete-6fb4ffc67b-w5jt5,UID:d6cd1164-2c84-47ff-8e4c-60b1782bc29e,APIVersion:,ResourceVersion:40662648,FieldPath:,}}]",8613e688,"[{<*> <*> &ObjectReference{Kind:Pod,Namespace:play,Name:simpleautocomplete-6fb4ffc67b-gk6s4,UID:884575ac-4c14-452e-b76c-73729e181fff,APIVersion:,ResourceVersion:<*>,FieldPath:,}} {<*> <*> &ObjectReference{Kind:Pod,Namespace:play,Name:simpleautocomplete-6fb4ffc67b-rc5xx,UID:8e069401-<*>-4bbc-9a77-202b42b4fff9,APIVersion:,ResourceVersion:<*>,FieldPath:,}} {<*> <*> &ObjectReference{Kind:Pod,Namespace:play,Name:simpleautocomplete-6fb4ffc67b-w5jt5,UID:d6cd1164-2c84-47ff-8e4c-60b1782bc29e,APIVersion:,ResourceVersion:<*>,FieldPath:,}}]","['10.42.13.146 8080', '40713778', '10.42.16.147 8080', '8611', '40637671', '10.42.17.47 8080', '40662648']"
29,I0819,15:12:22.863257,6,endpoints.go:136],"Endpoints found for Service ""play/simpleautocomplete""","[{10.42.13.146 80 &ObjectReference{Kind:Pod,Namespace:play,Name:simpleautocomplete-6fb4ffc67b-gk6s4,UID:884575ac-4c14-452e-b76c-73729e181fff,APIVersion:,ResourceVersion:40713778,FieldPath:,}} {10.42.16.147 80 &ObjectReference{Kind:Pod,Namespace:play,Name:simpleautocomplete-6fb4ffc67b-rc5xx,UID:8e069401-8611-4bbc-9a77-202b42b4fff9,APIVersion:,ResourceVersion:40637671,FieldPath:,}} {10.42.17.47 80 &ObjectReference{Kind:Pod,Namespace:play,Name:simpleautocomplete-6fb4ffc67b-w5jt5,UID:d6cd1164-2c84-47ff-8e4c-60b1782bc29e,APIVersion:,ResourceVersion:40662648,FieldPath:,}}]",8613e688,"[{<*> <*> &ObjectReference{Kind:Pod,Namespace:play,Name:simpleautocomplete-6fb4ffc67b-gk6s4,UID:884575ac-4c14-452e-b76c-73729e181fff,APIVersion:,ResourceVersion:<*>,FieldPath:,}} {<*> <*> &ObjectReference{Kind:Pod,Namespace:play,Name:simpleautocomplete-6fb4ffc67b-rc5xx,UID:8e069401-<*>-4bbc-9a77-202b42b4fff9,APIVersion:,ResourceVersion:<*>,FieldPath:,}} {<*> <*> &ObjectReference{Kind:Pod,Namespace:play,Name:simpleautocomplete-6fb4ffc67b-w5jt5,UID:d6cd1164-2c84-47ff-8e4c-60b1782bc29e,APIVersion:,ResourceVersion:<*>,FieldPath:,}}]","['10.42.13.146 80', '40713778', '10.42.16.147 80', '8611', '40637671', '10.42.17.47 80', '40662648']"
30,I0819,15:12:22.863344,6,endpoints.go:136],"Endpoints found for Service ""play/ubuntu18-install""","[{10.42.16.107 8080 &ObjectReference{Kind:Pod,Namespace:play,Name:ubuntu18-install-7645d4bbc4-9vvm2,UID:c7a971d0-6f60-4e29-bdee-9f486b43a262,APIVersion:,ResourceVersion:37790689,FieldPath:,}} {10.42.5.144 8080 &ObjectReference{Kind:Pod,Namespace:play,Name:ubuntu18-install-7645d4bbc4-kx5bx,UID:0b1fc7b7-7d39-4af3-8629-858781e5442d,APIVersion:,ResourceVersion:40100226,FieldPath:,}} {10.42.8.94 8080 &ObjectReference{Kind:Pod,Namespace:play,Name:ubuntu18-install-7645d4bbc4-c5c9q,UID:da441787-f498-412e-8ea0-4e9af8a03e59,APIVersion:,ResourceVersion:39859713,FieldPath:,}}]",f2248d77,"[{<*> <*> &ObjectReference{Kind:Pod,Namespace:play,Name:ubuntu18-install-7645d4bbc4-9vvm2,UID:c7a971d0-6f60-4e29-bdee-9f486b43a262,APIVersion:,ResourceVersion:<*>,FieldPath:,}} {<*> <*> &ObjectReference{Kind:Pod,Namespace:play,Name:ubuntu18-install-7645d4bbc4-kx5bx,UID:0b1fc7b7-7d39-4af3-<*>-858781e5442d,APIVersion:,ResourceVersion:<*>,FieldPath:,}} {<*> <*> &ObjectReference{Kind:Pod,Namespace:play,Name:ubuntu18-install-7645d4bbc4-c5c9q,UID:da441787-f498-412e-8ea0-4e9af8a03e59,APIVersion:,ResourceVersion:<*>,FieldPath:,}}]","['10.42.16.107 8080', '37790689', '10.42.5.144 8080', '8629', '40100226', '10.42.8.94 8080', '39859713']"
31,W0819,15:12:22.863470,6,endpoints.go:96],"Error obtaining Endpoints for Service ""doc/ingress-5d9c04980f50ff0e13efc687ddb0ffbd""","no object matching key ""doc/ingress-5d9c04980f50ff0e13efc687ddb0ffbd"" in local store",0ceb51af,no object matching key <*> in local store,"['""doc/ingress-5d9c04980f50ff0e13efc687ddb0ffbd""']"
32,W0819,15:12:22.863541,6,endpoints.go:96],"Error obtaining Endpoints for Service ""doc/ingress-c27fa875ea161dec301b676156bf9f48""","no object matching key ""doc/ingress-c27fa875ea161dec301b676156bf9f48"" in local store",0ceb51af,no object matching key <*> in local store,"['""doc/ingress-c27fa875ea161dec301b676156bf9f48""']"
33,W0819,15:12:22.863598,6,endpoints.go:96],"Error obtaining Endpoints for Service ""doc/ingress-ae9e1adcfb6b5cb1b6fbe556edd25059""","no object matching key ""doc/ingress-ae9e1adcfb6b5cb1b6fbe556edd25059"" in local store",0ceb51af,no object matching key <*> in local store,"['""doc/ingress-ae9e1adcfb6b5cb1b6fbe556edd25059""']"
34,I0819,15:12:22.863691,6,endpoints.go:136],"Endpoints found for Service ""doc/dev""","[{10.42.13.89 80 &ObjectReference{Kind:Pod,Namespace:doc,Name:dev-645bdfbfd9-jlvmh,UID:c00f835c-b555-4311-826c-d6c8bbf688d2,APIVersion:,ResourceVersion:39796371,FieldPath:,}}]",3789ffe0,"[{<*> <*> &ObjectReference{Kind:Pod,Namespace:doc,Name:dev-645bdfbfd9-jlvmh,UID:c00f835c-b555-<*>-826c-d6c8bbf688d2,APIVersion:,ResourceVersion:<*>,FieldPath:,}}]","['10.42.13.89 80', '4311', '39796371']"
35,I0819,15:12:22.863777,6,endpoints.go:136],"Endpoints found for Service ""doc/latest""","[{10.42.5.146 80 &ObjectReference{Kind:Pod,Namespace:doc,Name:latest-69bbfb7f65-tw85n,UID:03865284-c4ee-4407-a6c9-96dc09b40f5c,APIVersion:,ResourceVersion:40100420,FieldPath:,}}]",38e5b982,"[{<*> <*> &ObjectReference{Kind:Pod,Namespace:doc,Name:latest-69bbfb7f65-tw85n,UID:<*>-c4ee-<*>-a6c9-96dc09b40f5c,APIVersion:,ResourceVersion:<*>,FieldPath:,}}]","['10.42.5.146 80', '03865284', '4407', '40100420']"
36,I0819,15:12:22.863840,6,endpoints.go:136],"Endpoints found for Service ""doc/manticore-3-5-0""","[{10.42.1.42 80 &ObjectReference{Kind:Pod,Namespace:doc,Name:manticore-3-5-0-8557f4767f-t26bh,UID:25e095b3-32a0-40ab-8abf-ed7f07a02b4b,APIVersion:,ResourceVersion:40099836,FieldPath:,}}]",043c215e,"[{<*> <*> &ObjectReference{Kind:Pod,Namespace:doc,Name:manticore-<*>-<*>-<*>-8557f4767f-t26bh,UID:25e095b3-32a0-40ab-8abf-ed7f07a02b4b,APIVersion:,ResourceVersion:<*>,FieldPath:,}}]","['10.42.1.42 80', '3', '5-0', '40099836']"
37,I0819,15:12:22.863910,6,endpoints.go:136],"Endpoints found for Service ""last-release/last-release-service""","[{10.42.13.138 80 &ObjectReference{Kind:Pod,Namespace:last-release,Name:last-release-server-76b44cc7cd-59fdd,UID:c264150d-9897-4c75-99b1-ec7c8a64c3f6,APIVersion:,ResourceVersion:40674617,FieldPath:,}}]",29fb7d9d,"[{<*> <*> &ObjectReference{Kind:Pod,Namespace:last-release,Name:last-release-server-76b44cc7cd-59fdd,UID:c264150d-<*>-4c75-99b1-ec7c8a64c3f6,APIVersion:,ResourceVersion:<*>,FieldPath:,}}]","['10.42.13.138 80', '9897', '40674617']"
38,I0819,15:12:22.863977,6,endpoints.go:136],"Endpoints found for Service ""doc/ingress-dd3c7a5bbe97f612d5525426fd47efe7""","[{10.42.2.182 80 &ObjectReference{Kind:Pod,Namespace:doc,Name:test-b98dfb547-f9gqz,UID:a1ef5716-fc32-40a0-817f-b44f2852fd3e,APIVersion:,ResourceVersion:40689117,FieldPath:,}}]",2973d8a3,"[{<*> <*> &ObjectReference{Kind:Pod,Namespace:doc,Name:test-b98dfb547-f9gqz,UID:a1ef5716-fc32-40a0-817f-b44f2852fd3e,APIVersion:,ResourceVersion:<*>,FieldPath:,}}]","['10.42.2.182 80', '40689117']"
39,I0819,15:12:22.864097,6,controller.go:1328],"Found SSL certificate matching host ""manual.mnt.cr""","""doc/mnt-cert-tls""",191429c5,"""doc/mnt-cert-tls""",[]
40,I0819,15:12:22.864118,6,controller.go:1328],"Found SSL certificate matching host ""mnt.cr""","""doc/mnt-cert-tls""",191429c5,"""doc/mnt-cert-tls""",[]
41,I0819,15:12:22.881911,6,nginx.go:373],"Event UPDATE received - object &Endpoints{ObjectMeta:k8s_io_apimachinery_pkg_apis_meta_v1.ObjectMeta{Name:expose-prometheus-metrics,GenerateName:,Namespace:cattle-prometheus,SelfLink:/api/v1/namespaces/cattle-prometheus/endpoints/expose-prometheus-metrics,UID:04f79898-cfc3-4524-b3c1-86b7a405be3f,ResourceVersion:40731408,Generation:0,CreationTimestamp:2020-05-05 17:08:43 +0000 UTC,DeletionTimestamp:<nil>,DeletionGracePeriodSeconds:nil,Labels:map[string]string{app","prometheus,chart: prometheus-0.0.1,heritage: Tiller,io.cattle.field/appId: cluster-monitoring,monitoring.coreos.com: true,release: cluster-monitoring,service.kubernetes.io/headless: ,},Annotations:map[string]string{endpoints.kubernetes.io/last-change-trigger-time: 2020-08-19T15:12:22Z,},OwnerReferences:[],Finalizers:[],ClusterName:,ManagedFields:[],},Subsets:[{[{10.42.4.156  0xc0013472d0 ObjectReference{Kind:Pod,Namespace:cattle-prometheus,Name:prometheus-cluster-monitoring-0,UID:7123f3d4-8350-4a24-a42f-ff8ca1e80998,APIVersion:,ResourceVersion:40731406,FieldPath:,}}] [] [{metrics 9090 TCP}]}],}",d9c4ba4f,"prometheus,chart: prometheus-<*>.<*>.<*>,heritage: Tiller,io.cattle.field/appId: cluster-monitoring,monitoring.coreos.com: true,release: cluster-monitoring,service.kubernetes.io/headless: ,},Annotations:map[string]string{endpoints.kubernetes.io/last-change-trigger-time: <*>-<*>-19T15:<*>:22Z,},OwnerReferences:[],Finalizers:[],ClusterName:,ManagedFields:[],},Subsets:[{[{<*> 0xc0013472d0 ObjectReference{Kind:Pod,Namespace:cattle-prometheus,Name:prometheus-cluster-monitoring-<*>,UID:7123f3d4-<*>-4a24-a42f-ff8ca1e80998,APIVersion:,ResourceVersion:<*>,FieldPath:,}}] [] [{metrics <*> TCP}]}],}","['0', '0.1', '2020-08', '12', '10.42.4.156', '0', '8350', '40731406', '9090']"
42,I0819,15:12:22.882569,6,queue.go:87],"queuing item &Endpoints{ObjectMeta:k8s_io_apimachinery_pkg_apis_meta_v1.ObjectMeta{Name:expose-prometheus-metrics,GenerateName:,Namespace:cattle-prometheus,SelfLink:/api/v1/namespaces/cattle-prometheus/endpoints/expose-prometheus-metrics,UID:04f79898-cfc3-4524-b3c1-86b7a405be3f,ResourceVersion:40731408,Generation:0,CreationTimestamp:2020-05-05 17:08:43 +0000 UTC,DeletionTimestamp:<nil>,DeletionGracePeriodSeconds:nil,Labels:map[string]string{app","prometheus,chart: prometheus-0.0.1,heritage: Tiller,io.cattle.field/appId: cluster-monitoring,monitoring.coreos.com: true,release: cluster-monitoring,service.kubernetes.io/headless: ,},Annotations:map[string]string{endpoints.kubernetes.io/last-change-trigger-time: 2020-08-19T15:12:22Z,},OwnerReferences:[],Finalizers:[],ClusterName:,ManagedFields:[],},Subsets:[{[{10.42.4.156  0xc0013472d0 ObjectReference{Kind:Pod,Namespace:cattle-prometheus,Name:prometheus-cluster-monitoring-0,UID:7123f3d4-8350-4a24-a42f-ff8ca1e80998,APIVersion:,ResourceVersion:40731406,FieldPath:,}}] [] [{metrics 9090 TCP}]}],}",d9c4ba4f,"prometheus,chart: prometheus-<*>.<*>.<*>,heritage: Tiller,io.cattle.field/appId: cluster-monitoring,monitoring.coreos.com: true,release: cluster-monitoring,service.kubernetes.io/headless: ,},Annotations:map[string]string{endpoints.kubernetes.io/last-change-trigger-time: <*>-<*>-19T15:<*>:22Z,},OwnerReferences:[],Finalizers:[],ClusterName:,ManagedFields:[],},Subsets:[{[{<*> 0xc0013472d0 ObjectReference{Kind:Pod,Namespace:cattle-prometheus,Name:prometheus-cluster-monitoring-<*>,UID:7123f3d4-<*>-4a24-a42f-ff8ca1e80998,APIVersion:,ResourceVersion:<*>,FieldPath:,}}] [] [{metrics <*> TCP}]}],}","['0', '0.1', '2020-08', '12', '10.42.4.156', '0', '8350', '40731406', '9090']"
43,I0819,15:12:22.882643,6,nginx.go:373],"Event UPDATE received - object &Endpoints{ObjectMeta:k8s_io_apimachinery_pkg_apis_meta_v1.ObjectMeta{Name:access-prometheus,GenerateName:,Namespace:cattle-prometheus,SelfLink:/api/v1/namespaces/cattle-prometheus/endpoints/access-prometheus,UID:38324398-cff7-455b-9a7c-53098438a34c,ResourceVersion:40731409,Generation:0,CreationTimestamp:2020-05-05 17:08:43 +0000 UTC,DeletionTimestamp:<nil>,DeletionGracePeriodSeconds:nil,Labels:map[string]string{app","prometheus,chart: prometheus-0.0.1,heritage: Tiller,io.cattle.field/appId: cluster-monitoring,kubernetes.io/cluster-service: true,release: cluster-monitoring,},Annotations:map[string]string{endpoints.kubernetes.io/last-change-trigger-time: 2020-08-19T15:12:22Z,},OwnerReferences:[],Finalizers:[],ClusterName:,ManagedFields:[],},Subsets:[{[{10.42.4.156  0xc0013473e0 ObjectReference{Kind:Pod,Namespace:cattle-prometheus,Name:prometheus-cluster-monitoring-0,UID:7123f3d4-8350-4a24-a42f-ff8ca1e80998,APIVersion:,ResourceVersion:40731406,FieldPath:,}}] [] [{nginx-http 8080 TCP}]}],}",36a7f9e9,"prometheus,chart: prometheus-<*>.<*>.<*>,heritage: Tiller,io.cattle.field/appId: cluster-monitoring,kubernetes.io/cluster-service: true,release: cluster-monitoring,},Annotations:map[string]string{endpoints.kubernetes.io/last-change-trigger-time: <*>-<*>-19T15:<*>:22Z,},OwnerReferences:[],Finalizers:[],ClusterName:,ManagedFields:[],},Subsets:[{[{<*> 0xc0013473e0 ObjectReference{Kind:Pod,Namespace:cattle-prometheus,Name:prometheus-cluster-monitoring-<*>,UID:7123f3d4-<*>-4a24-a42f-ff8ca1e80998,APIVersion:,ResourceVersion:<*>,FieldPath:,}}] [] [{nginx-http <*> TCP}]}],}","['0', '0.1', '2020-08', '12', '10.42.4.156', '0', '8350', '40731406', '8080']"
44,I0819,15:12:22.882692,6,queue.go:87],"queuing item &Endpoints{ObjectMeta:k8s_io_apimachinery_pkg_apis_meta_v1.ObjectMeta{Name:access-prometheus,GenerateName:,Namespace:cattle-prometheus,SelfLink:/api/v1/namespaces/cattle-prometheus/endpoints/access-prometheus,UID:38324398-cff7-455b-9a7c-53098438a34c,ResourceVersion:40731409,Generation:0,CreationTimestamp:2020-05-05 17:08:43 +0000 UTC,DeletionTimestamp:<nil>,DeletionGracePeriodSeconds:nil,Labels:map[string]string{app","prometheus,chart: prometheus-0.0.1,heritage: Tiller,io.cattle.field/appId: cluster-monitoring,kubernetes.io/cluster-service: true,release: cluster-monitoring,},Annotations:map[string]string{endpoints.kubernetes.io/last-change-trigger-time: 2020-08-19T15:12:22Z,},OwnerReferences:[],Finalizers:[],ClusterName:,ManagedFields:[],},Subsets:[{[{10.42.4.156  0xc0013473e0 ObjectReference{Kind:Pod,Namespace:cattle-prometheus,Name:prometheus-cluster-monitoring-0,UID:7123f3d4-8350-4a24-a42f-ff8ca1e80998,APIVersion:,ResourceVersion:40731406,FieldPath:,}}] [] [{nginx-http 8080 TCP}]}],}",36a7f9e9,"prometheus,chart: prometheus-<*>.<*>.<*>,heritage: Tiller,io.cattle.field/appId: cluster-monitoring,kubernetes.io/cluster-service: true,release: cluster-monitoring,},Annotations:map[string]string{endpoints.kubernetes.io/last-change-trigger-time: <*>-<*>-19T15:<*>:22Z,},OwnerReferences:[],Finalizers:[],ClusterName:,ManagedFields:[],},Subsets:[{[{<*> 0xc0013473e0 ObjectReference{Kind:Pod,Namespace:cattle-prometheus,Name:prometheus-cluster-monitoring-<*>,UID:7123f3d4-<*>-4a24-a42f-ff8ca1e80998,APIVersion:,ResourceVersion:<*>,FieldPath:,}}] [] [{nginx-http <*> TCP}]}],}","['0', '0.1', '2020-08', '12', '10.42.4.156', '0', '8350', '40731406', '8080']"
45,I0819,15:12:26.193808,6,endpoints.go:136],"Endpoints found for Service ""ingress-nginx/default-http-backend""","[{10.42.13.20 8080 &ObjectReference{Kind:Pod,Namespace:ingress-nginx,Name:default-http-backend-668b987f47-xn8lr,UID:c448254c-b352-4e33-a5e1-4808d0ebee95,APIVersion:,ResourceVersion:34412566,FieldPath:,}}]",60d31225,"[{<*> <*> &ObjectReference{Kind:Pod,Namespace:ingress-nginx,Name:default-http-backend-668b987f47-xn8lr,UID:c448254c-b352-4e33-a5e1-4808d0ebee95,APIVersion:,ResourceVersion:<*>,FieldPath:,}}]","['10.42.13.20 8080', '34412566']"
46,I0819,15:12:26.193894,6,endpoints.go:136],"Endpoints found for Service ""repo/key-service""","[{10.42.1.106 80 &ObjectReference{Kind:Pod,Namespace:repo,Name:key-server-b85869755-wmvjz,UID:fbf94fdd-2ec0-457d-ac2c-e031b5b31536,APIVersion:,ResourceVersion:31791343,FieldPath:,}}]",73ebe574,"[{<*> <*> &ObjectReference{Kind:Pod,Namespace:repo,Name:key-server-b85869755-wmvjz,UID:fbf94fdd-2ec0-457d-ac2c-e031b5b31536,APIVersion:,ResourceVersion:<*>,FieldPath:,}}]","['10.42.1.106 80', '31791343']"
47,I0819,15:12:26.193950,6,endpoints.go:136],"Endpoints found for Service ""repo/nexus-service""","[{10.42.5.4 8081 &ObjectReference{Kind:Pod,Namespace:repo,Name:nexus-0,UID:ead2894c-444c-4f11-ade3-3722781b2027,APIVersion:,ResourceVersion:628688,FieldPath:,}}]",a0be5d23,"[{<*> <*> &ObjectReference{Kind:Pod,Namespace:repo,Name:nexus-<*>,UID:ead2894c-444c-4f11-ade3-3722781b2027,APIVersion:,ResourceVersion:<*>,FieldPath:,}}]","['10.42.5.4 8081', '0', '628688']"
48,I0819,15:12:26.194001,6,endpoints.go:136],"Endpoints found for Service ""play/main""","[{10.42.5.148 80 &ObjectReference{Kind:Pod,Namespace:play,Name:main-8d47d496c-w6z4f,UID:833ccc7f-2ea0-419f-89fc-b4668370cc16,APIVersion:,ResourceVersion:40100629,FieldPath:,}}]",af6c5c7b,"[{<*> <*> &ObjectReference{Kind:Pod,Namespace:play,Name:main-8d47d496c-w6z4f,UID:833ccc7f-2ea0-419f-89fc-b4668370cc16,APIVersion:,ResourceVersion:<*>,FieldPath:,}}]","['10.42.5.148 80', '40100629']"
49,I0819,15:12:26.194069,6,endpoints.go:136],"Endpoints found for Service ""play/busy""","[{10.42.16.144 80 &ObjectReference{Kind:Pod,Namespace:play,Name:busy-5dc8cc4487-skr4q,UID:c7649545-08ec-4cc7-bece-b444268022a3,APIVersion:,ResourceVersion:40099226,FieldPath:,}}]",dd3dcdb0,"[{<*> <*> &ObjectReference{Kind:Pod,Namespace:play,Name:busy-5dc8cc4487-skr4q,UID:c7649545-08ec-4cc7-bece-b444268022a3,APIVersion:,ResourceVersion:<*>,FieldPath:,}}]","['10.42.16.144 80', '40099226']"
50,I0819,15:12:26.194131,6,endpoints.go:136],"Endpoints found for Service ""play/centos6-install""","[{10.42.1.37 8080 &ObjectReference{Kind:Pod,Namespace:play,Name:centos6-install-b779d6dd7-gb85t,UID:ddc972e4-b3a9-482b-9e06-3e99c5f6f9dd,APIVersion:,ResourceVersion:39859608,FieldPath:,}} {10.42.15.173 8080 &ObjectReference{Kind:Pod,Namespace:play,Name:centos6-install-b779d6dd7-q8snm,UID:1432697d-cfb8-41e4-b6d4-6793781adb90,APIVersion:,ResourceVersion:40619730,FieldPath:,}} {10.42.17.46 8080 &ObjectReference{Kind:Pod,Namespace:play,Name:centos6-install-b779d6dd7-mqdd9,UID:2f48e5dd-8f0a-4158-a757-ec7de339c9d1,APIVersion:,ResourceVersion:40611441,FieldPath:,}}]",70cc0c67,"[{<*> <*> &ObjectReference{Kind:Pod,Namespace:play,Name:centos6-install-b779d6dd7-gb85t,UID:ddc972e4-b3a9-482b-9e06-3e99c5f6f9dd,APIVersion:,ResourceVersion:<*>,FieldPath:,}} {<*> <*> &ObjectReference{Kind:Pod,Namespace:play,Name:centos6-install-b779d6dd7-q8snm,UID:1432697d-cfb8-41e4-b6d4-6793781adb90,APIVersion:,ResourceVersion:<*>,FieldPath:,}} {<*> <*> &ObjectReference{Kind:Pod,Namespace:play,Name:centos6-install-b779d6dd7-mqdd9,UID:2f48e5dd-8f0a-<*>-a757-ec7de339c9d1,APIVersion:,ResourceVersion:<*>,FieldPath:,}}]","['10.42.1.37 8080', '39859608', '10.42.15.173 8080', '40619730', '10.42.17.46 8080', '4158', '40611441']"
51,I0819,15:12:26.194268,6,endpoints.go:136],"Endpoints found for Service ""play/centos7-install""","[{10.42.13.135 8080 &ObjectReference{Kind:Pod,Namespace:play,Name:centos7-install-5bdd597896-p2497,UID:e85cf7fe-491f-48ff-9aa8-7833943ddc2d,APIVersion:,ResourceVersion:40612196,FieldPath:,}} {10.42.16.115 8080 &ObjectReference{Kind:Pod,Namespace:play,Name:centos7-install-5bdd597896-6726b,UID:29292fe9-8f68-4aeb-90f6-be986941096f,APIVersion:,ResourceVersion:40685017,FieldPath:,}} {10.42.17.38 8080 &ObjectReference{Kind:Pod,Namespace:play,Name:centos7-install-5bdd597896-l4crj,UID:cb5d9737-2b34-4239-ba30-bb893b10e8ae,APIVersion:,ResourceVersion:40546924,FieldPath:,}}]",83cccb0e,"[{<*> <*> &ObjectReference{Kind:Pod,Namespace:play,Name:centos7-install-5bdd597896-p2497,UID:e85cf7fe-491f-48ff-9aa8-7833943ddc2d,APIVersion:,ResourceVersion:<*>,FieldPath:,}} {<*> <*> &ObjectReference{Kind:Pod,Namespace:play,Name:centos7-install-5bdd597896-6726b,UID:29292fe9-8f68-4aeb-90f6-be986941096f,APIVersion:,ResourceVersion:<*>,FieldPath:,}} {<*> <*> &ObjectReference{Kind:Pod,Namespace:play,Name:centos7-install-5bdd597896-l4crj,UID:cb5d9737-2b34-<*>-ba30-bb893b10e8ae,APIVersion:,ResourceVersion:<*>,FieldPath:,}}]","['10.42.13.135 8080', '40612196', '10.42.16.115 8080', '40685017', '10.42.17.38 8080', '4239', '40546924']"
52,I0819,15:12:26.194390,6,endpoints.go:136],"Endpoints found for Service ""play/compiling-centos""","[{10.42.1.229 8080 &ObjectReference{Kind:Pod,Namespace:play,Name:compiling-centos-66b46f9895-cmq9z,UID:3e80df5d-925d-4e7e-9a21-e938ff74f0df,APIVersion:,ResourceVersion:38812658,FieldPath:,}} {10.42.13.118 8080 &ObjectReference{Kind:Pod,Namespace:play,Name:compiling-centos-66b46f9895-f24q2,UID:533e1b82-ea0c-4fb2-945d-327aeb6a6f68,APIVersion:,ResourceVersion:40099044,FieldPath:,}} {10.42.16.145 8080 &ObjectReference{Kind:Pod,Namespace:play,Name:compiling-centos-66b46f9895-mxpdz,UID:e5292f50-cbf0-41d7-bda1-080078473d84,APIVersion:,ResourceVersion:40099648,FieldPath:,}}]",bb823db8,"[{<*> <*> &ObjectReference{Kind:Pod,Namespace:play,Name:compiling-centos-66b46f9895-cmq9z,UID:3e80df5d-925d-4e7e-9a21-e938ff74f0df,APIVersion:,ResourceVersion:<*>,FieldPath:,}} {<*> <*> &ObjectReference{Kind:Pod,Namespace:play,Name:compiling-centos-66b46f9895-f24q2,UID:533e1b82-ea0c-4fb2-945d-327aeb6a6f68,APIVersion:,ResourceVersion:<*>,FieldPath:,}} {<*> <*> &ObjectReference{Kind:Pod,Namespace:play,Name:compiling-centos-66b46f9895-mxpdz,UID:e5292f50-cbf0-41d7-bda1-080078473d84,APIVersion:,ResourceVersion:<*>,FieldPath:,}}]","['10.42.1.229 8080', '38812658', '10.42.13.118 8080', '40099044', '10.42.16.145 8080', '40099648']"
53,I0819,15:12:26.194490,6,endpoints.go:136],"Endpoints found for Service ""play/csv""","[{10.42.13.74 8080 &ObjectReference{Kind:Pod,Namespace:play,Name:csv-776bb4cb58-ktn2z,UID:c315ed3e-af8b-4a4c-b3a9-ffe96a34e004,APIVersion:,ResourceVersion:39688971,FieldPath:,}} {10.42.16.112 8080 &ObjectReference{Kind:Pod,Namespace:play,Name:csv-776bb4cb58-76k44,UID:2f9d2195-53e8-4736-9bfd-9a1936c9455c,APIVersion:,ResourceVersion:37854004,FieldPath:,}} {10.42.2.133 8080 &ObjectReference{Kind:Pod,Namespace:play,Name:csv-776bb4cb58-2krg9,UID:a43127a1-a31d-494d-8886-182b8109f0d1,APIVersion:,ResourceVersion:40529963,FieldPath:,}}]",f69701e0,"[{<*> <*> &ObjectReference{Kind:Pod,Namespace:play,Name:csv-776bb4cb58-ktn2z,UID:c315ed3e-af8b-4a4c-b3a9-ffe96a34e004,APIVersion:,ResourceVersion:<*>,FieldPath:,}} {<*> <*> &ObjectReference{Kind:Pod,Namespace:play,Name:csv-776bb4cb58-76k44,UID:2f9d2195-53e8-<*>-9bfd-9a1936c9455c,APIVersion:,ResourceVersion:<*>,FieldPath:,}} {<*> <*> &ObjectReference{Kind:Pod,Namespace:play,Name:csv-776bb4cb58-2krg9,UID:a43127a1-a31d-494d-<*>-182b8109f0d1,APIVersion:,ResourceVersion:<*>,FieldPath:,}}]","['10.42.13.74 8080', '39688971', '10.42.16.112 8080', '4736', '37854004', '10.42.2.133 8080', '8886', '40529963']"
54,I0819,15:12:26.194562,6,endpoints.go:136],"Endpoints found for Service ""play/debian9-install""","[{10.42.13.206 8080 &ObjectReference{Kind:Pod,Namespace:play,Name:debian9-install-c99587d8f-tsdkw,UID:9f2ac962-2364-4101-8b0d-402b4cf76c11,APIVersion:,ResourceVersion:39962379,FieldPath:,}} {10.42.2.148 8080 &ObjectReference{Kind:Pod,Namespace:play,Name:debian9-install-c99587d8f-kpwhc,UID:5b2e7549-8cb8-420a-999f-3379773a9929,APIVersion:,ResourceVersion:40624943,FieldPath:,}} {10.42.5.147 8080 &ObjectReference{Kind:Pod,Namespace:play,Name:debian9-install-c99587d8f-r44dw,UID:9e4b7af1-f85d-4043-95fe-282fd3e4a982,APIVersion:,ResourceVersion:40100589,FieldPath:,}}]",f637edb5,"[{<*> <*> &ObjectReference{Kind:Pod,Namespace:play,Name:debian9-install-c99587d8f-tsdkw,UID:9f2ac962-<*>-<*>-8b0d-402b4cf76c11,APIVersion:,ResourceVersion:<*>,FieldPath:,}} {<*> <*> &ObjectReference{Kind:Pod,Namespace:play,Name:debian9-install-c99587d8f-kpwhc,UID:5b2e7549-8cb8-420a-999f-3379773a9929,APIVersion:,ResourceVersion:<*>,FieldPath:,}} {<*> <*> &ObjectReference{Kind:Pod,Namespace:play,Name:debian9-install-c99587d8f-r44dw,UID:9e4b7af1-f85d-<*>-95fe-282fd3e4a982,APIVersion:,ResourceVersion:<*>,FieldPath:,}}]","['10.42.13.206 8080', '2364-4101', '39962379', '10.42.2.148 8080', '40624943', '10.42.5.147 8080', '4043', '40100589']"
55,I0819,15:12:26.194623,6,endpoints.go:136],"Endpoints found for Service ""play/didyoumean""","[{10.42.16.148 8080 &ObjectReference{Kind:Pod,Namespace:play,Name:didyoumean-6b5d8569-vrpv4,UID:0f73d5e2-0f53-49d3-abe5-7b5883d847ac,APIVersion:,ResourceVersion:40673391,FieldPath:,}} {10.42.2.140 8080 &ObjectReference{Kind:Pod,Namespace:play,Name:didyoumean-6b5d8569-l796r,UID:e20012b3-aa03-43fa-95cc-687c17d4c783,APIVersion:,ResourceVersion:40595293,FieldPath:,}} {10.42.8.93 8080 &ObjectReference{Kind:Pod,Namespace:play,Name:didyoumean-6b5d8569-nptcx,UID:fd4dfc60-4377-451a-8303-0d289e751d1f,APIVersion:,ResourceVersion:40565662,FieldPath:,}}]",ab8e1c98,"[{<*> <*> &ObjectReference{Kind:Pod,Namespace:play,Name:didyoumean-6b5d8569-vrpv4,UID:0f73d5e2-0f53-49d3-abe5-7b5883d847ac,APIVersion:,ResourceVersion:<*>,FieldPath:,}} {<*> <*> &ObjectReference{Kind:Pod,Namespace:play,Name:didyoumean-6b5d8569-l796r,UID:e20012b3-aa03-43fa-95cc-687c17d4c783,APIVersion:,ResourceVersion:<*>,FieldPath:,}} {<*> <*> &ObjectReference{Kind:Pod,Namespace:play,Name:didyoumean-6b5d8569-nptcx,UID:fd4dfc60-<*>-451a-<*>-0d289e751d1f,APIVersion:,ResourceVersion:<*>,FieldPath:,}}]","['10.42.16.148 8080', '40673391', '10.42.2.140 8080', '40595293', '10.42.8.93 8080', '4377', '8303', '40565662']"
56,I0819,15:12:26.194718,6,endpoints.go:136],"Endpoints found for Service ""play/didyoumean""","[{10.42.16.148 80 &ObjectReference{Kind:Pod,Namespace:play,Name:didyoumean-6b5d8569-vrpv4,UID:0f73d5e2-0f53-49d3-abe5-7b5883d847ac,APIVersion:,ResourceVersion:40673391,FieldPath:,}} {10.42.2.140 80 &ObjectReference{Kind:Pod,Namespace:play,Name:didyoumean-6b5d8569-l796r,UID:e20012b3-aa03-43fa-95cc-687c17d4c783,APIVersion:,ResourceVersion:40595293,FieldPath:,}} {10.42.8.93 80 &ObjectReference{Kind:Pod,Namespace:play,Name:didyoumean-6b5d8569-nptcx,UID:fd4dfc60-4377-451a-8303-0d289e751d1f,APIVersion:,ResourceVersion:40565662,FieldPath:,}}]",ab8e1c98,"[{<*> <*> &ObjectReference{Kind:Pod,Namespace:play,Name:didyoumean-6b5d8569-vrpv4,UID:0f73d5e2-0f53-49d3-abe5-7b5883d847ac,APIVersion:,ResourceVersion:<*>,FieldPath:,}} {<*> <*> &ObjectReference{Kind:Pod,Namespace:play,Name:didyoumean-6b5d8569-l796r,UID:e20012b3-aa03-43fa-95cc-687c17d4c783,APIVersion:,ResourceVersion:<*>,FieldPath:,}} {<*> <*> &ObjectReference{Kind:Pod,Namespace:play,Name:didyoumean-6b5d8569-nptcx,UID:fd4dfc60-<*>-451a-<*>-0d289e751d1f,APIVersion:,ResourceVersion:<*>,FieldPath:,}}]","['10.42.16.148 80', '40673391', '10.42.2.140 80', '40595293', '10.42.8.93 80', '4377', '8303', '40565662']"
57,I0819,15:12:26.194960,6,endpoints.go:136],"Endpoints found for Service ""play/docstore""","[{10.42.13.123 8080 &ObjectReference{Kind:Pod,Namespace:play,Name:docstore-9b9f6c6bf-tf2l6,UID:d38d9dce-b84a-486d-87e1-a748e00d7028,APIVersion:,ResourceVersion:40099737,FieldPath:,}} {10.42.15.159 8080 &ObjectReference{Kind:Pod,Namespace:play,Name:docstore-9b9f6c6bf-rt5nb,UID:075ffe96-284d-40a6-ac52-4384f423cf2a,APIVersion:,ResourceVersion:38243998,FieldPath:,}} {10.42.2.142 8080 &ObjectReference{Kind:Pod,Namespace:play,Name:docstore-9b9f6c6bf-8wb7b,UID:044ffee1-ec05-4962-b656-9e9cc86336be,APIVersion:,ResourceVersion:40612334,FieldPath:,}}]",d17437fd,"[{<*> <*> &ObjectReference{Kind:Pod,Namespace:play,Name:docstore-9b9f6c6bf-tf2l6,UID:d38d9dce-b84a-486d-87e1-a748e00d7028,APIVersion:,ResourceVersion:<*>,FieldPath:,}} {<*> <*> &ObjectReference{Kind:Pod,Namespace:play,Name:docstore-9b9f6c6bf-rt5nb,UID:075ffe96-284d-40a6-ac52-4384f423cf2a,APIVersion:,ResourceVersion:<*>,FieldPath:,}} {<*> <*> &ObjectReference{Kind:Pod,Namespace:play,Name:docstore-9b9f6c6bf-8wb7b,UID:044ffee1-ec05-<*>-b656-9e9cc86336be,APIVersion:,ResourceVersion:<*>,FieldPath:,}}]","['10.42.13.123 8080', '40099737', '10.42.15.159 8080', '38243998', '10.42.2.142 8080', '4962', '40612334']"
58,I0819,15:12:26.195098,6,endpoints.go:136],"Endpoints found for Service ""play/faceting""","[{10.42.13.130 8080 &ObjectReference{Kind:Pod,Namespace:play,Name:faceting-7bcdd96989-c8zj4,UID:fd5bdb9c-dbc2-44d2-956c-f4b607a5759a,APIVersion:,ResourceVersion:40526684,FieldPath:,}} {10.42.15.174 8080 &ObjectReference{Kind:Pod,Namespace:play,Name:faceting-7bcdd96989-qlhx8,UID:32a67048-2213-4d25-9674-6ee8023c4582,APIVersion:,ResourceVersion:40655078,FieldPath:,}} {10.42.17.51 8080 &ObjectReference{Kind:Pod,Namespace:play,Name:faceting-7bcdd96989-tp47b,UID:f0ee3441-0216-4b02-816f-9b1710c9ad41,APIVersion:,ResourceVersion:40692273,FieldPath:,}}]",e807f961,"[{<*> <*> &ObjectReference{Kind:Pod,Namespace:play,Name:faceting-7bcdd96989-c8zj4,UID:fd5bdb9c-dbc2-44d2-956c-f4b607a5759a,APIVersion:,ResourceVersion:<*>,FieldPath:,}} {<*> <*> &ObjectReference{Kind:Pod,Namespace:play,Name:faceting-7bcdd96989-qlhx8,UID:32a67048-<*>-4d25-<*>-6ee8023c4582,APIVersion:,ResourceVersion:<*>,FieldPath:,}} {<*> <*> &ObjectReference{Kind:Pod,Namespace:play,Name:faceting-7bcdd96989-tp47b,UID:f0ee3441-<*>-4b02-816f-9b1710c9ad41,APIVersion:,ResourceVersion:<*>,FieldPath:,}}]","['10.42.13.130 8080', '40526684', '10.42.15.174 8080', '2213', '9674', '40655078', '10.42.17.51 8080', '0216', '40692273']"
59,I0819,15:12:26.195192,6,endpoints.go:136],"Endpoints found for Service ""play/faceting""","[{10.42.13.130 80 &ObjectReference{Kind:Pod,Namespace:play,Name:faceting-7bcdd96989-c8zj4,UID:fd5bdb9c-dbc2-44d2-956c-f4b607a5759a,APIVersion:,ResourceVersion:40526684,FieldPath:,}} {10.42.15.174 80 &ObjectReference{Kind:Pod,Namespace:play,Name:faceting-7bcdd96989-qlhx8,UID:32a67048-2213-4d25-9674-6ee8023c4582,APIVersion:,ResourceVersion:40655078,FieldPath:,}} {10.42.17.51 80 &ObjectReference{Kind:Pod,Namespace:play,Name:faceting-7bcdd96989-tp47b,UID:f0ee3441-0216-4b02-816f-9b1710c9ad41,APIVersion:,ResourceVersion:40692273,FieldPath:,}}]",e807f961,"[{<*> <*> &ObjectReference{Kind:Pod,Namespace:play,Name:faceting-7bcdd96989-c8zj4,UID:fd5bdb9c-dbc2-44d2-956c-f4b607a5759a,APIVersion:,ResourceVersion:<*>,FieldPath:,}} {<*> <*> &ObjectReference{Kind:Pod,Namespace:play,Name:faceting-7bcdd96989-qlhx8,UID:32a67048-<*>-4d25-<*>-6ee8023c4582,APIVersion:,ResourceVersion:<*>,FieldPath:,}} {<*> <*> &ObjectReference{Kind:Pod,Namespace:play,Name:faceting-7bcdd96989-tp47b,UID:f0ee3441-<*>-4b02-816f-9b1710c9ad41,APIVersion:,ResourceVersion:<*>,FieldPath:,}}]","['10.42.13.130 80', '40526684', '10.42.15.174 80', '2213', '9674', '40655078', '10.42.17.51 80', '0216', '40692273']"
60,I0819,15:12:26.195421,6,endpoints.go:136],"Endpoints found for Service ""play/fulltextintro""","[{10.42.15.171 8080 &ObjectReference{Kind:Pod,Namespace:play,Name:fulltextintro-6f6b4d57f5-vm28j,UID:20a216c5-cc5c-4b8f-9b7e-c3d872ca1728,APIVersion:,ResourceVersion:40548355,FieldPath:,}} {10.42.17.41 8080 &ObjectReference{Kind:Pod,Namespace:play,Name:fulltextintro-6f6b4d57f5-qmgcp,UID:0f61b962-d068-4850-89e1-995c4b5783ee,APIVersion:,ResourceVersion:40572722,FieldPath:,}} {10.42.2.158 8080 &ObjectReference{Kind:Pod,Namespace:play,Name:fulltextintro-6f6b4d57f5-47jnz,UID:5223585f-587a-49fd-bd07-679a58707aae,APIVersion:,ResourceVersion:40664226,FieldPath:,}}]",ae8c2935,"[{<*> <*> &ObjectReference{Kind:Pod,Namespace:play,Name:fulltextintro-6f6b4d57f5-vm28j,UID:20a216c5-cc5c-4b8f-9b7e-c3d872ca1728,APIVersion:,ResourceVersion:<*>,FieldPath:,}} {<*> <*> &ObjectReference{Kind:Pod,Namespace:play,Name:fulltextintro-6f6b4d57f5-qmgcp,UID:0f61b962-d068-<*>-89e1-995c4b5783ee,APIVersion:,ResourceVersion:<*>,FieldPath:,}} {<*> <*> &ObjectReference{Kind:Pod,Namespace:play,Name:fulltextintro-6f6b4d57f5-47jnz,UID:5223585f-587a-49fd-bd07-679a58707aae,APIVersion:,ResourceVersion:<*>,FieldPath:,}}]","['10.42.15.171 8080', '40548355', '10.42.17.41 8080', '4850', '40572722', '10.42.2.158 8080', '40664226']"
61,I0819,15:12:26.195554,6,endpoints.go:136],"Endpoints found for Service ""play/geosearch""","[{10.42.17.243 8080 &ObjectReference{Kind:Pod,Namespace:play,Name:geosearch-6b5d7f4d5d-fc5pj,UID:5335ff64-7f37-448b-bdfd-e9ea2b81848a,APIVersion:,ResourceVersion:40195093,FieldPath:,}} {10.42.2.136 8080 &ObjectReference{Kind:Pod,Namespace:play,Name:geosearch-6b5d7f4d5d-pnnbf,UID:0fb33446-90e4-4411-ad66-242da81dac67,APIVersion:,ResourceVersion:40565790,FieldPath:,}} {10.42.8.91 8080 &ObjectReference{Kind:Pod,Namespace:play,Name:geosearch-6b5d7f4d5d-rqj9k,UID:bc325db6-5e81-41f5-a5fb-6ae2e6b360f2,APIVersion:,ResourceVersion:39344113,FieldPath:,}}]",6b6745a7,"[{<*> <*> &ObjectReference{Kind:Pod,Namespace:play,Name:geosearch-6b5d7f4d5d-fc5pj,UID:5335ff64-7f37-448b-bdfd-e9ea2b81848a,APIVersion:,ResourceVersion:<*>,FieldPath:,}} {<*> <*> &ObjectReference{Kind:Pod,Namespace:play,Name:geosearch-6b5d7f4d5d-pnnbf,UID:0fb33446-90e4-<*>-ad66-242da81dac67,APIVersion:,ResourceVersion:<*>,FieldPath:,}} {<*> <*> &ObjectReference{Kind:Pod,Namespace:play,Name:geosearch-6b5d7f4d5d-rqj9k,UID:bc325db6-5e81-41f5-a5fb-6ae2e6b360f2,APIVersion:,ResourceVersion:<*>,FieldPath:,}}]","['10.42.17.243 8080', '40195093', '10.42.2.136 8080', '4411', '40565790', '10.42.8.91 8080', '39344113']"
62,I0819,15:12:26.195721,6,endpoints.go:136],"Endpoints found for Service ""play/go-sdk""","[{10.42.1.17 8080 &ObjectReference{Kind:Pod,Namespace:play,Name:go-sdk-849984947d-dg6n9,UID:9cb4e2bd-d0a8-4e14-ba5c-1591d99b0f5f,APIVersion:,ResourceVersion:38156789,FieldPath:,}} {10.42.15.164 8080 &ObjectReference{Kind:Pod,Namespace:play,Name:go-sdk-849984947d-l4pxt,UID:4faff98a-a1be-43a6-88ab-5f13ec627fc5,APIVersion:,ResourceVersion:38589920,FieldPath:,}} {10.42.5.145 8080 &ObjectReference{Kind:Pod,Namespace:play,Name:go-sdk-849984947d-khkzq,UID:911653e2-9e27-4532-b273-f91472d58c4c,APIVersion:,ResourceVersion:40099702,FieldPath:,}}]",f234ea90,"[{<*> <*> &ObjectReference{Kind:Pod,Namespace:play,Name:go-sdk-849984947d-dg6n9,UID:9cb4e2bd-d0a8-4e14-ba5c-1591d99b0f5f,APIVersion:,ResourceVersion:<*>,FieldPath:,}} {<*> <*> &ObjectReference{Kind:Pod,Namespace:play,Name:go-sdk-849984947d-l4pxt,UID:4faff98a-a1be-43a6-88ab-5f13ec627fc5,APIVersion:,ResourceVersion:<*>,FieldPath:,}} {<*> <*> &ObjectReference{Kind:Pod,Namespace:play,Name:go-sdk-849984947d-khkzq,UID:911653e2-9e27-<*>-b273-f91472d58c4c,APIVersion:,ResourceVersion:<*>,FieldPath:,}}]","['10.42.1.17 8080', '38156789', '10.42.15.164 8080', '38589920', '10.42.5.145 8080', '4532', '40099702']"
63,I0819,15:12:26.195896,6,endpoints.go:136],"Endpoints found for Service ""play/highlighting""","[{10.42.1.41 8080 &ObjectReference{Kind:Pod,Namespace:play,Name:highlighting-cf8c6d8fd-bhrwr,UID:a41a7cdb-27c5-4a05-9bbd-08a787cddd4d,APIVersion:,ResourceVersion:40099147,FieldPath:,}} {10.42.17.48 8080 &ObjectReference{Kind:Pod,Namespace:play,Name:highlighting-cf8c6d8fd-mp2vf,UID:c0779589-300c-457c-b2fe-f3a0aa5ac7d6,APIVersion:,ResourceVersion:40664452,FieldPath:,}} {10.42.2.183 8080 &ObjectReference{Kind:Pod,Namespace:play,Name:highlighting-cf8c6d8fd-v6gdl,UID:bd03b5cc-1cb4-4b1c-b8af-c3a1492063b9,APIVersion:,ResourceVersion:40689353,FieldPath:,}}]",a761a717,"[{<*> <*> &ObjectReference{Kind:Pod,Namespace:play,Name:highlighting-cf8c6d8fd-bhrwr,UID:a41a7cdb-27c5-4a05-9bbd-08a787cddd4d,APIVersion:,ResourceVersion:<*>,FieldPath:,}} {<*> <*> &ObjectReference{Kind:Pod,Namespace:play,Name:highlighting-cf8c6d8fd-mp2vf,UID:c0779589-300c-457c-b2fe-f3a0aa5ac7d6,APIVersion:,ResourceVersion:<*>,FieldPath:,}} {<*> <*> &ObjectReference{Kind:Pod,Namespace:play,Name:highlighting-cf8c6d8fd-v6gdl,UID:bd03b5cc-1cb4-4b1c-b8af-c3a1492063b9,APIVersion:,ResourceVersion:<*>,FieldPath:,}}]","['10.42.1.41 8080', '40099147', '10.42.17.48 8080', '40664452', '10.42.2.183 8080', '40689353']"
64,I0819,15:12:26.196005,6,endpoints.go:136],"Endpoints found for Service ""play/highlighting""","[{10.42.1.41 80 &ObjectReference{Kind:Pod,Namespace:play,Name:highlighting-cf8c6d8fd-bhrwr,UID:a41a7cdb-27c5-4a05-9bbd-08a787cddd4d,APIVersion:,ResourceVersion:40099147,FieldPath:,}} {10.42.17.48 80 &ObjectReference{Kind:Pod,Namespace:play,Name:highlighting-cf8c6d8fd-mp2vf,UID:c0779589-300c-457c-b2fe-f3a0aa5ac7d6,APIVersion:,ResourceVersion:40664452,FieldPath:,}} {10.42.2.183 80 &ObjectReference{Kind:Pod,Namespace:play,Name:highlighting-cf8c6d8fd-v6gdl,UID:bd03b5cc-1cb4-4b1c-b8af-c3a1492063b9,APIVersion:,ResourceVersion:40689353,FieldPath:,}}]",a761a717,"[{<*> <*> &ObjectReference{Kind:Pod,Namespace:play,Name:highlighting-cf8c6d8fd-bhrwr,UID:a41a7cdb-27c5-4a05-9bbd-08a787cddd4d,APIVersion:,ResourceVersion:<*>,FieldPath:,}} {<*> <*> &ObjectReference{Kind:Pod,Namespace:play,Name:highlighting-cf8c6d8fd-mp2vf,UID:c0779589-300c-457c-b2fe-f3a0aa5ac7d6,APIVersion:,ResourceVersion:<*>,FieldPath:,}} {<*> <*> &ObjectReference{Kind:Pod,Namespace:play,Name:highlighting-cf8c6d8fd-v6gdl,UID:bd03b5cc-1cb4-4b1c-b8af-c3a1492063b9,APIVersion:,ResourceVersion:<*>,FieldPath:,}}]","['10.42.1.41 80', '40099147', '10.42.17.48 80', '40664452', '10.42.2.183 80', '40689353']"
65,I0819,15:12:26.196083,6,endpoints.go:136],"Endpoints found for Service ""play/https""","[{10.42.1.181 8080 &ObjectReference{Kind:Pod,Namespace:play,Name:https-6ddc6b4578-nhqvk,UID:dd0df7af-3fdd-4cf0-8d94-e47123d4ed98,APIVersion:,ResourceVersion:34927522,FieldPath:,}} {10.42.13.122 8080 &ObjectReference{Kind:Pod,Namespace:play,Name:https-6ddc6b4578-4ljw2,UID:7e897606-beb7-47cd-a301-7a494ee8443f,APIVersion:,ResourceVersion:40099108,FieldPath:,}} {10.42.8.97 8080 &ObjectReference{Kind:Pod,Namespace:play,Name:https-6ddc6b4578-rsk9f,UID:cf99910a-bd20-49da-9727-4b5926c79ddc,APIVersion:,ResourceVersion:40099692,FieldPath:,}}]",815e208d,"[{<*> <*> &ObjectReference{Kind:Pod,Namespace:play,Name:https-6ddc6b4578-nhqvk,UID:dd0df7af-3fdd-4cf0-8d94-e47123d4ed98,APIVersion:,ResourceVersion:<*>,FieldPath:,}} {<*> <*> &ObjectReference{Kind:Pod,Namespace:play,Name:https-6ddc6b4578-4ljw2,UID:7e897606-beb7-47cd-a301-7a494ee8443f,APIVersion:,ResourceVersion:<*>,FieldPath:,}} {<*> <*> &ObjectReference{Kind:Pod,Namespace:play,Name:https-6ddc6b4578-rsk9f,UID:cf99910a-bd20-49da-<*>-4b5926c79ddc,APIVersion:,ResourceVersion:<*>,FieldPath:,}}]","['10.42.1.181 8080', '34927522', '10.42.13.122 8080', '40099108', '10.42.8.97 8080', '9727', '40099692']"
66,I0819,15:12:26.196160,6,endpoints.go:136],"Endpoints found for Service ""play/icu-chinese""","[{10.42.13.131 8080 &ObjectReference{Kind:Pod,Namespace:play,Name:icu-chinese-75b84fc679-g8fhb,UID:4e0d11ce-954f-4a85-97fb-5d06d370138a,APIVersion:,ResourceVersion:40649591,FieldPath:,}} {10.42.17.52 8080 &ObjectReference{Kind:Pod,Namespace:play,Name:icu-chinese-75b84fc679-c8r2x,UID:423a0a4e-ba38-4a36-8f81-8e18c548f844,APIVersion:,ResourceVersion:40692545,FieldPath:,}} {10.42.2.138 8080 &ObjectReference{Kind:Pod,Namespace:play,Name:icu-chinese-75b84fc679-kr4sb,UID:e9a46831-73fa-4a2f-8a17-f6be48f5190b,APIVersion:,ResourceVersion:40577986,FieldPath:,}}]",5950c206,"[{<*> <*> &ObjectReference{Kind:Pod,Namespace:play,Name:icu-chinese-75b84fc679-g8fhb,UID:4e0d11ce-954f-4a85-97fb-5d06d370138a,APIVersion:,ResourceVersion:<*>,FieldPath:,}} {<*> <*> &ObjectReference{Kind:Pod,Namespace:play,Name:icu-chinese-75b84fc679-c8r2x,UID:423a0a4e-ba38-4a36-8f81-8e18c548f844,APIVersion:,ResourceVersion:<*>,FieldPath:,}} {<*> <*> &ObjectReference{Kind:Pod,Namespace:play,Name:icu-chinese-75b84fc679-kr4sb,UID:e9a46831-73fa-4a2f-8a17-f6be48f5190b,APIVersion:,ResourceVersion:<*>,FieldPath:,}}]","['10.42.13.131 8080', '40649591', '10.42.17.52 8080', '40692545', '10.42.2.138 8080', '40577986']"
67,I0819,15:12:26.196272,6,endpoints.go:136],"Endpoints found for Service ""play/json""","[{10.42.13.42 8080 &ObjectReference{Kind:Pod,Namespace:play,Name:json-55d974686c-j4w7h,UID:e757eadb-cbac-4080-a18f-f0688e625539,APIVersion:,ResourceVersion:37729011,FieldPath:,}} {10.42.15.168 8080 &ObjectReference{Kind:Pod,Namespace:play,Name:json-55d974686c-ggnx4,UID:f25d4a8b-6fda-4d30-92a0-3cf9ac734779,APIVersion:,ResourceVersion:40099772,FieldPath:,}} {10.42.16.214 8080 &ObjectReference{Kind:Pod,Namespace:play,Name:json-55d974686c-tdtgj,UID:045efca3-826f-43b9-bc7e-07b968602c01,APIVersion:,ResourceVersion:30822715,FieldPath:,}}]",5ae51c22,"[{<*> <*> &ObjectReference{Kind:Pod,Namespace:play,Name:json-55d974686c-j4w7h,UID:e757eadb-cbac-<*>-a18f-f0688e625539,APIVersion:,ResourceVersion:<*>,FieldPath:,}} {<*> <*> &ObjectReference{Kind:Pod,Namespace:play,Name:json-55d974686c-ggnx4,UID:f25d4a8b-6fda-4d30-92a0-3cf9ac734779,APIVersion:,ResourceVersion:<*>,FieldPath:,}} {<*> <*> &ObjectReference{Kind:Pod,Namespace:play,Name:json-55d974686c-tdtgj,UID:045efca3-826f-43b9-bc7e-07b968602c01,APIVersion:,ResourceVersion:<*>,FieldPath:,}}]","['10.42.13.42 8080', '4080', '37729011', '10.42.15.168 8080', '40099772', '10.42.16.214 8080', '30822715']"
68,I0819,15:12:26.196372,6,endpoints.go:136],"Endpoints found for Service ""play/maindelta""","[{10.42.13.129 8080 &ObjectReference{Kind:Pod,Namespace:play,Name:maindelta-5797df46d4-5pt5k,UID:25b2dbbe-84f5-4ebd-8b6f-5b186777db26,APIVersion:,ResourceVersion:40306985,FieldPath:,}} {10.42.15.107 8080 &ObjectReference{Kind:Pod,Namespace:play,Name:maindelta-5797df46d4-fnm2g,UID:cc6a1f5d-5bc1-4e98-a76d-eb2c815d2b1e,APIVersion:,ResourceVersion:37967105,FieldPath:,}} {10.42.2.159 8080 &ObjectReference{Kind:Pod,Namespace:play,Name:maindelta-5797df46d4-f5x5b,UID:a38b3b82-00ea-40f7-aebc-d8aeee41eff1,APIVersion:,ResourceVersion:40664234,FieldPath:,}}]",9e8702a0,"[{<*> <*> &ObjectReference{Kind:Pod,Namespace:play,Name:maindelta-5797df46d4-5pt5k,UID:25b2dbbe-84f5-4ebd-8b6f-5b186777db26,APIVersion:,ResourceVersion:<*>,FieldPath:,}} {<*> <*> &ObjectReference{Kind:Pod,Namespace:play,Name:maindelta-5797df46d4-fnm2g,UID:cc6a1f5d-5bc1-4e98-a76d-eb2c815d2b1e,APIVersion:,ResourceVersion:<*>,FieldPath:,}} {<*> <*> &ObjectReference{Kind:Pod,Namespace:play,Name:maindelta-5797df46d4-f5x5b,UID:a38b3b82-00ea-40f7-aebc-d8aeee41eff1,APIVersion:,ResourceVersion:<*>,FieldPath:,}}]","['10.42.13.129 8080', '40306985', '10.42.15.107 8080', '37967105', '10.42.2.159 8080', '40664234']"
69,I0819,15:12:26.196449,6,endpoints.go:136],"Endpoints found for Service ""play/mlt""","[{10.42.1.18 8080 &ObjectReference{Kind:Pod,Namespace:play,Name:mlt-594b758c9-wsv45,UID:04c988f7-c3ce-46c5-951e-0a400596ec86,APIVersion:,ResourceVersion:38173234,FieldPath:,}} {10.42.13.127 8080 &ObjectReference{Kind:Pod,Namespace:play,Name:mlt-594b758c9-z9tt8,UID:a9ea332a-a92c-4d50-a8be-2eb87dd4d334,APIVersion:,ResourceVersion:30081730,FieldPath:,}} {10.42.16.97 8080 &ObjectReference{Kind:Pod,Namespace:play,Name:mlt-594b758c9-bcmms,UID:b416781c-54c8-4012-abec-90b6f526214b,APIVersion:,ResourceVersion:37383923,FieldPath:,}}]",386c9baf,"[{<*> <*> &ObjectReference{Kind:Pod,Namespace:play,Name:mlt-594b758c9-wsv45,UID:04c988f7-c3ce-46c5-951e-0a400596ec86,APIVersion:,ResourceVersion:<*>,FieldPath:,}} {<*> <*> &ObjectReference{Kind:Pod,Namespace:play,Name:mlt-594b758c9-z9tt8,UID:a9ea332a-a92c-4d50-a8be-2eb87dd4d334,APIVersion:,ResourceVersion:<*>,FieldPath:,}} {<*> <*> &ObjectReference{Kind:Pod,Namespace:play,Name:mlt-594b758c9-bcmms,UID:b416781c-54c8-<*>-abec-90b6f526214b,APIVersion:,ResourceVersion:<*>,FieldPath:,}}]","['10.42.1.18 8080', '38173234', '10.42.13.127 8080', '30081730', '10.42.16.97 8080', '4012', '37383923']"
70,I0819,15:12:26.196592,6,endpoints.go:136],"Endpoints found for Service ""play/mlt""","[{10.42.1.18 80 &ObjectReference{Kind:Pod,Namespace:play,Name:mlt-594b758c9-wsv45,UID:04c988f7-c3ce-46c5-951e-0a400596ec86,APIVersion:,ResourceVersion:38173234,FieldPath:,}} {10.42.13.127 80 &ObjectReference{Kind:Pod,Namespace:play,Name:mlt-594b758c9-z9tt8,UID:a9ea332a-a92c-4d50-a8be-2eb87dd4d334,APIVersion:,ResourceVersion:30081730,FieldPath:,}} {10.42.16.97 80 &ObjectReference{Kind:Pod,Namespace:play,Name:mlt-594b758c9-bcmms,UID:b416781c-54c8-4012-abec-90b6f526214b,APIVersion:,ResourceVersion:37383923,FieldPath:,}}]",386c9baf,"[{<*> <*> &ObjectReference{Kind:Pod,Namespace:play,Name:mlt-594b758c9-wsv45,UID:04c988f7-c3ce-46c5-951e-0a400596ec86,APIVersion:,ResourceVersion:<*>,FieldPath:,}} {<*> <*> &ObjectReference{Kind:Pod,Namespace:play,Name:mlt-594b758c9-z9tt8,UID:a9ea332a-a92c-4d50-a8be-2eb87dd4d334,APIVersion:,ResourceVersion:<*>,FieldPath:,}} {<*> <*> &ObjectReference{Kind:Pod,Namespace:play,Name:mlt-594b758c9-bcmms,UID:b416781c-54c8-<*>-abec-90b6f526214b,APIVersion:,ResourceVersion:<*>,FieldPath:,}}]","['10.42.1.18 80', '38173234', '10.42.13.127 80', '30081730', '10.42.16.97 80', '4012', '37383923']"
71,I0819,15:12:26.196670,6,endpoints.go:136],"Endpoints found for Service ""play/mysql""","[{10.42.1.38 8080 &ObjectReference{Kind:Pod,Namespace:play,Name:mysql-8c4688988-mjg4l,UID:aa26a5e1-739a-4876-97eb-72d86691beef,APIVersion:,ResourceVersion:40099092,FieldPath:,}} {10.42.13.128 8080 &ObjectReference{Kind:Pod,Namespace:play,Name:mysql-8c4688988-6xg8d,UID:948a26b2-8256-4ffa-9936-923365fc30fa,APIVersion:,ResourceVersion:40269245,FieldPath:,}} {10.42.17.253 8080 &ObjectReference{Kind:Pod,Namespace:play,Name:mysql-8c4688988-7xwlh,UID:5de064be-2c57-4c40-985a-41c3dc2c1ccf,APIVersion:,ResourceVersion:40232988,FieldPath:,}} {10.42.8.74 8080 &ObjectReference{Kind:Pod,Namespace:play,Name:mysql-8c4688988-lrlmq,UID:18c1803f-e2fa-4f33-ad5e-e393404d753a,APIVersion:,ResourceVersion:40669608,FieldPath:,}}]",e38979c6,"[{<*> <*> &ObjectReference{Kind:Pod,Namespace:play,Name:mysql-8c4688988-mjg4l,UID:aa26a5e1-739a-<*>-97eb-72d86691beef,APIVersion:,ResourceVersion:<*>,FieldPath:,}} {<*> <*> &ObjectReference{Kind:Pod,Namespace:play,Name:mysql-8c4688988-6xg8d,UID:948a26b2-<*>-4ffa-<*>-923365fc30fa,APIVersion:,ResourceVersion:<*>,FieldPath:,}} {<*> <*> &ObjectReference{Kind:Pod,Namespace:play,Name:mysql-8c4688988-7xwlh,UID:5de064be-2c57-4c40-985a-41c3dc2c1ccf,APIVersion:,ResourceVersion:<*>,FieldPath:,}} {<*> <*> &ObjectReference{Kind:Pod,Namespace:play,Name:mysql-8c4688988-lrlmq,UID:18c1803f-e2fa-4f33-ad5e-e393404d753a,APIVersion:,ResourceVersion:<*>,FieldPath:,}}]","['10.42.1.38 8080', '4876', '40099092', '10.42.13.128 8080', '8256', '9936', '40269245', '10.42.17.253 8080', '40232988', '10.42.8.74 8080', '40669608']"
72,I0819,15:12:26.196742,6,endpoints.go:136],"Endpoints found for Service ""play/pq""","[{10.42.13.73 8080 &ObjectReference{Kind:Pod,Namespace:play,Name:pq-f6f867f-blrzk,UID:af52d91f-cde3-49d6-bd3a-f2136b4db139,APIVersion:,ResourceVersion:39162354,FieldPath:,}} {10.42.15.158 8080 &ObjectReference{Kind:Pod,Namespace:play,Name:pq-f6f867f-qfv4g,UID:dc3d8dc5-c049-4f36-869a-a895a6ad53b4,APIVersion:,ResourceVersion:38197119,FieldPath:,}} {10.42.16.137 8080 &ObjectReference{Kind:Pod,Namespace:play,Name:pq-f6f867f-754dd,UID:d3741a1d-03f9-451f-9f45-4f968864d318,APIVersion:,ResourceVersion:39315608,FieldPath:,}}]",9e4f2c3b,"[{<*> <*> &ObjectReference{Kind:Pod,Namespace:play,Name:pq-f6f867f-blrzk,UID:af52d91f-cde3-49d6-bd3a-f2136b4db139,APIVersion:,ResourceVersion:<*>,FieldPath:,}} {<*> <*> &ObjectReference{Kind:Pod,Namespace:play,Name:pq-f6f867f-qfv4g,UID:dc3d8dc5-c049-4f36-869a-a895a6ad53b4,APIVersion:,ResourceVersion:<*>,FieldPath:,}} {<*> <*> &ObjectReference{Kind:Pod,Namespace:play,Name:pq-f6f867f-754dd,UID:d3741a1d-03f9-451f-9f45-4f968864d318,APIVersion:,ResourceVersion:<*>,FieldPath:,}}]","['10.42.13.73 8080', '39162354', '10.42.15.158 8080', '38197119', '10.42.16.137 8080', '39315608']"
73,I0819,15:12:26.196839,6,endpoints.go:136],"Endpoints found for Service ""play/replication""","[{10.42.13.147 8080 &ObjectReference{Kind:Pod,Namespace:play,Name:replication-88dbf9c79-pknq6,UID:334b6faa-0b51-49cb-9bdb-c1baf1e37ca7,APIVersion:,ResourceVersion:40731107,FieldPath:,}} {10.42.16.149 8080 &ObjectReference{Kind:Pod,Namespace:play,Name:replication-88dbf9c79-nt4cc,UID:669e128e-61da-4e34-b34a-22a2b06aa04c,APIVersion:,ResourceVersion:40725448,FieldPath:,}} {10.42.17.53 8080 &ObjectReference{Kind:Pod,Namespace:play,Name:replication-88dbf9c79-ntl24,UID:0fdac90b-a839-49b8-9950-d0cab0e3e3c8,APIVersion:,ResourceVersion:40701843,FieldPath:,}}]",dd7e5477,"[{<*> <*> &ObjectReference{Kind:Pod,Namespace:play,Name:replication-88dbf9c79-pknq6,UID:334b6faa-0b51-49cb-9bdb-c1baf1e37ca7,APIVersion:,ResourceVersion:<*>,FieldPath:,}} {<*> <*> &ObjectReference{Kind:Pod,Namespace:play,Name:replication-88dbf9c79-nt4cc,UID:669e128e-61da-4e34-b34a-22a2b06aa04c,APIVersion:,ResourceVersion:<*>,FieldPath:,}} {<*> <*> &ObjectReference{Kind:Pod,Namespace:play,Name:replication-88dbf9c79-ntl24,UID:0fdac90b-a839-49b8-<*>-d0cab0e3e3c8,APIVersion:,ResourceVersion:<*>,FieldPath:,}}]","['10.42.13.147 8080', '40731107', '10.42.16.149 8080', '40725448', '10.42.17.53 8080', '9950', '40701843']"
74,I0819,15:12:26.196919,6,endpoints.go:136],"Endpoints found for Service ""play/replicationfail""","[{10.42.13.139 8080 &ObjectReference{Kind:Pod,Namespace:play,Name:replicationfail-84788d9c8d-8b46z,UID:11e65ee3-c1d6-4596-b68c-c0e6cafab7d0,APIVersion:,ResourceVersion:40674579,FieldPath:,}} {10.42.15.111 8080 &ObjectReference{Kind:Pod,Namespace:play,Name:replicationfail-84788d9c8d-nbxmn,UID:5843aae1-c91a-41b1-8c5c-29104bd179b7,APIVersion:,ResourceVersion:36854289,FieldPath:,}} {10.42.2.160 8080 &ObjectReference{Kind:Pod,Namespace:play,Name:replicationfail-84788d9c8d-cqlmk,UID:0fdb2d0a-0340-48e8-ad46-941773ddee8f,APIVersion:,ResourceVersion:40664330,FieldPath:,}}]",e80787b5,"[{<*> <*> &ObjectReference{Kind:Pod,Namespace:play,Name:replicationfail-84788d9c8d-8b46z,UID:11e65ee3-c1d6-<*>-b68c-c0e6cafab7d0,APIVersion:,ResourceVersion:<*>,FieldPath:,}} {<*> <*> &ObjectReference{Kind:Pod,Namespace:play,Name:replicationfail-84788d9c8d-nbxmn,UID:5843aae1-c91a-41b1-8c5c-29104bd179b7,APIVersion:,ResourceVersion:<*>,FieldPath:,}} {<*> <*> &ObjectReference{Kind:Pod,Namespace:play,Name:replicationfail-84788d9c8d-cqlmk,UID:0fdb2d0a-<*>-48e8-ad46-941773ddee8f,APIVersion:,ResourceVersion:<*>,FieldPath:,}}]","['10.42.13.139 8080', '4596', '40674579', '10.42.15.111 8080', '36854289', '10.42.2.160 8080', '0340', '40664330']"
75,I0819,15:12:26.196996,6,endpoints.go:136],"Endpoints found for Service ""play/rtintro""","[{10.42.16.143 8080 &ObjectReference{Kind:Pod,Namespace:play,Name:rtintro-874c78757-4zf48,UID:fb33915c-1a76-43c9-b2cb-925b346245c1,APIVersion:,ResourceVersion:40269131,FieldPath:,}} {10.42.2.135 8080 &ObjectReference{Kind:Pod,Namespace:play,Name:rtintro-874c78757-7mgmf,UID:7205a868-e142-419c-bb97-1a6a9b316bc7,APIVersion:,ResourceVersion:40548020,FieldPath:,}} {10.42.8.76 8080 &ObjectReference{Kind:Pod,Namespace:play,Name:rtintro-874c78757-5gp8l,UID:b7bbe9e5-aee7-44c8-b3dc-a6451948f400,APIVersion:,ResourceVersion:37745945,FieldPath:,}}]",560578e1,"[{<*> <*> &ObjectReference{Kind:Pod,Namespace:play,Name:rtintro-874c78757-4zf48,UID:fb33915c-1a76-43c9-b2cb-925b346245c1,APIVersion:,ResourceVersion:<*>,FieldPath:,}} {<*> <*> &ObjectReference{Kind:Pod,Namespace:play,Name:rtintro-874c78757-7mgmf,UID:7205a868-e142-419c-bb97-1a6a9b316bc7,APIVersion:,ResourceVersion:<*>,FieldPath:,}} {<*> <*> &ObjectReference{Kind:Pod,Namespace:play,Name:rtintro-874c78757-5gp8l,UID:b7bbe9e5-aee7-44c8-b3dc-a6451948f400,APIVersion:,ResourceVersion:<*>,FieldPath:,}}]","['10.42.16.143 8080', '40269131', '10.42.2.135 8080', '40548020', '10.42.8.76 8080', '37745945']"
76,I0819,15:12:26.197084,6,endpoints.go:136],"Endpoints found for Service ""play/rtmode""","[{10.42.1.249 8080 &ObjectReference{Kind:Pod,Namespace:play,Name:rtmode-6fbcf8565d-hlpf7,UID:55ddbfae-2d9a-4067-84ea-cb2246887a3a,APIVersion:,ResourceVersion:40663011,FieldPath:,}} {10.42.13.47 8080 &ObjectReference{Kind:Pod,Namespace:play,Name:rtmode-6fbcf8565d-nbpxw,UID:f6ac6bd5-c527-4cb3-95ae-31c6d8decc9f,APIVersion:,ResourceVersion:37822865,FieldPath:,}} {10.42.16.132 8080 &ObjectReference{Kind:Pod,Namespace:play,Name:rtmode-6fbcf8565d-dlpvv,UID:9cfa2244-76b2-4cf7-8a95-d0d20d959eee,APIVersion:,ResourceVersion:38664717,FieldPath:,}}]",181b53b0,"[{<*> <*> &ObjectReference{Kind:Pod,Namespace:play,Name:rtmode-6fbcf8565d-hlpf7,UID:55ddbfae-2d9a-<*>-84ea-cb2246887a3a,APIVersion:,ResourceVersion:<*>,FieldPath:,}} {<*> <*> &ObjectReference{Kind:Pod,Namespace:play,Name:rtmode-6fbcf8565d-nbpxw,UID:f6ac6bd5-c527-4cb3-95ae-31c6d8decc9f,APIVersion:,ResourceVersion:<*>,FieldPath:,}} {<*> <*> &ObjectReference{Kind:Pod,Namespace:play,Name:rtmode-6fbcf8565d-dlpvv,UID:9cfa2244-76b2-4cf7-8a95-d0d20d959eee,APIVersion:,ResourceVersion:<*>,FieldPath:,}}]","['10.42.1.249 8080', '4067', '40663011', '10.42.13.47 8080', '37822865', '10.42.16.132 8080', '38664717']"
77,I0819,15:12:26.197164,6,endpoints.go:136],"Endpoints found for Service ""play/simpleautocomplete""","[{10.42.13.146 8080 &ObjectReference{Kind:Pod,Namespace:play,Name:simpleautocomplete-6fb4ffc67b-gk6s4,UID:884575ac-4c14-452e-b76c-73729e181fff,APIVersion:,ResourceVersion:40713778,FieldPath:,}} {10.42.16.147 8080 &ObjectReference{Kind:Pod,Namespace:play,Name:simpleautocomplete-6fb4ffc67b-rc5xx,UID:8e069401-8611-4bbc-9a77-202b42b4fff9,APIVersion:,ResourceVersion:40637671,FieldPath:,}} {10.42.17.47 8080 &ObjectReference{Kind:Pod,Namespace:play,Name:simpleautocomplete-6fb4ffc67b-w5jt5,UID:d6cd1164-2c84-47ff-8e4c-60b1782bc29e,APIVersion:,ResourceVersion:40662648,FieldPath:,}}]",8613e688,"[{<*> <*> &ObjectReference{Kind:Pod,Namespace:play,Name:simpleautocomplete-6fb4ffc67b-gk6s4,UID:884575ac-4c14-452e-b76c-73729e181fff,APIVersion:,ResourceVersion:<*>,FieldPath:,}} {<*> <*> &ObjectReference{Kind:Pod,Namespace:play,Name:simpleautocomplete-6fb4ffc67b-rc5xx,UID:8e069401-<*>-4bbc-9a77-202b42b4fff9,APIVersion:,ResourceVersion:<*>,FieldPath:,}} {<*> <*> &ObjectReference{Kind:Pod,Namespace:play,Name:simpleautocomplete-6fb4ffc67b-w5jt5,UID:d6cd1164-2c84-47ff-8e4c-60b1782bc29e,APIVersion:,ResourceVersion:<*>,FieldPath:,}}]","['10.42.13.146 8080', '40713778', '10.42.16.147 8080', '8611', '40637671', '10.42.17.47 8080', '40662648']"
78,I0819,15:12:26.197229,6,endpoints.go:136],"Endpoints found for Service ""play/simpleautocomplete""","[{10.42.13.146 80 &ObjectReference{Kind:Pod,Namespace:play,Name:simpleautocomplete-6fb4ffc67b-gk6s4,UID:884575ac-4c14-452e-b76c-73729e181fff,APIVersion:,ResourceVersion:40713778,FieldPath:,}} {10.42.16.147 80 &ObjectReference{Kind:Pod,Namespace:play,Name:simpleautocomplete-6fb4ffc67b-rc5xx,UID:8e069401-8611-4bbc-9a77-202b42b4fff9,APIVersion:,ResourceVersion:40637671,FieldPath:,}} {10.42.17.47 80 &ObjectReference{Kind:Pod,Namespace:play,Name:simpleautocomplete-6fb4ffc67b-w5jt5,UID:d6cd1164-2c84-47ff-8e4c-60b1782bc29e,APIVersion:,ResourceVersion:40662648,FieldPath:,}}]",8613e688,"[{<*> <*> &ObjectReference{Kind:Pod,Namespace:play,Name:simpleautocomplete-6fb4ffc67b-gk6s4,UID:884575ac-4c14-452e-b76c-73729e181fff,APIVersion:,ResourceVersion:<*>,FieldPath:,}} {<*> <*> &ObjectReference{Kind:Pod,Namespace:play,Name:simpleautocomplete-6fb4ffc67b-rc5xx,UID:8e069401-<*>-4bbc-9a77-202b42b4fff9,APIVersion:,ResourceVersion:<*>,FieldPath:,}} {<*> <*> &ObjectReference{Kind:Pod,Namespace:play,Name:simpleautocomplete-6fb4ffc67b-w5jt5,UID:d6cd1164-2c84-47ff-8e4c-60b1782bc29e,APIVersion:,ResourceVersion:<*>,FieldPath:,}}]","['10.42.13.146 80', '40713778', '10.42.16.147 80', '8611', '40637671', '10.42.17.47 80', '40662648']"
79,I0819,15:12:26.197328,6,endpoints.go:136],"Endpoints found for Service ""play/ubuntu18-install""","[{10.42.16.107 8080 &ObjectReference{Kind:Pod,Namespace:play,Name:ubuntu18-install-7645d4bbc4-9vvm2,UID:c7a971d0-6f60-4e29-bdee-9f486b43a262,APIVersion:,ResourceVersion:37790689,FieldPath:,}} {10.42.5.144 8080 &ObjectReference{Kind:Pod,Namespace:play,Name:ubuntu18-install-7645d4bbc4-kx5bx,UID:0b1fc7b7-7d39-4af3-8629-858781e5442d,APIVersion:,ResourceVersion:40100226,FieldPath:,}} {10.42.8.94 8080 &ObjectReference{Kind:Pod,Namespace:play,Name:ubuntu18-install-7645d4bbc4-c5c9q,UID:da441787-f498-412e-8ea0-4e9af8a03e59,APIVersion:,ResourceVersion:39859713,FieldPath:,}}]",f2248d77,"[{<*> <*> &ObjectReference{Kind:Pod,Namespace:play,Name:ubuntu18-install-7645d4bbc4-9vvm2,UID:c7a971d0-6f60-4e29-bdee-9f486b43a262,APIVersion:,ResourceVersion:<*>,FieldPath:,}} {<*> <*> &ObjectReference{Kind:Pod,Namespace:play,Name:ubuntu18-install-7645d4bbc4-kx5bx,UID:0b1fc7b7-7d39-4af3-<*>-858781e5442d,APIVersion:,ResourceVersion:<*>,FieldPath:,}} {<*> <*> &ObjectReference{Kind:Pod,Namespace:play,Name:ubuntu18-install-7645d4bbc4-c5c9q,UID:da441787-f498-412e-8ea0-4e9af8a03e59,APIVersion:,ResourceVersion:<*>,FieldPath:,}}]","['10.42.16.107 8080', '37790689', '10.42.5.144 8080', '8629', '40100226', '10.42.8.94 8080', '39859713']"
80,W0819,15:12:26.197418,6,endpoints.go:96],"Error obtaining Endpoints for Service ""doc/ingress-5d9c04980f50ff0e13efc687ddb0ffbd""","no object matching key ""doc/ingress-5d9c04980f50ff0e13efc687ddb0ffbd"" in local store",0ceb51af,no object matching key <*> in local store,"['""doc/ingress-5d9c04980f50ff0e13efc687ddb0ffbd""']"
81,W0819,15:12:26.197471,6,endpoints.go:96],"Error obtaining Endpoints for Service ""doc/ingress-c27fa875ea161dec301b676156bf9f48""","no object matching key ""doc/ingress-c27fa875ea161dec301b676156bf9f48"" in local store",0ceb51af,no object matching key <*> in local store,"['""doc/ingress-c27fa875ea161dec301b676156bf9f48""']"
82,W0819,15:12:26.197539,6,endpoints.go:96],"Error obtaining Endpoints for Service ""doc/ingress-ae9e1adcfb6b5cb1b6fbe556edd25059""","no object matching key ""doc/ingress-ae9e1adcfb6b5cb1b6fbe556edd25059"" in local store",0ceb51af,no object matching key <*> in local store,"['""doc/ingress-ae9e1adcfb6b5cb1b6fbe556edd25059""']"
83,I0819,15:12:26.197602,6,endpoints.go:136],"Endpoints found for Service ""doc/dev""","[{10.42.13.89 80 &ObjectReference{Kind:Pod,Namespace:doc,Name:dev-645bdfbfd9-jlvmh,UID:c00f835c-b555-4311-826c-d6c8bbf688d2,APIVersion:,ResourceVersion:39796371,FieldPath:,}}]",3789ffe0,"[{<*> <*> &ObjectReference{Kind:Pod,Namespace:doc,Name:dev-645bdfbfd9-jlvmh,UID:c00f835c-b555-<*>-826c-d6c8bbf688d2,APIVersion:,ResourceVersion:<*>,FieldPath:,}}]","['10.42.13.89 80', '4311', '39796371']"
84,I0819,15:12:26.197659,6,endpoints.go:136],"Endpoints found for Service ""doc/latest""","[{10.42.5.146 80 &ObjectReference{Kind:Pod,Namespace:doc,Name:latest-69bbfb7f65-tw85n,UID:03865284-c4ee-4407-a6c9-96dc09b40f5c,APIVersion:,ResourceVersion:40100420,FieldPath:,}}]",38e5b982,"[{<*> <*> &ObjectReference{Kind:Pod,Namespace:doc,Name:latest-69bbfb7f65-tw85n,UID:<*>-c4ee-<*>-a6c9-96dc09b40f5c,APIVersion:,ResourceVersion:<*>,FieldPath:,}}]","['10.42.5.146 80', '03865284', '4407', '40100420']"
85,I0819,15:12:26.197721,6,endpoints.go:136],"Endpoints found for Service ""doc/manticore-3-5-0""","[{10.42.1.42 80 &ObjectReference{Kind:Pod,Namespace:doc,Name:manticore-3-5-0-8557f4767f-t26bh,UID:25e095b3-32a0-40ab-8abf-ed7f07a02b4b,APIVersion:,ResourceVersion:40099836,FieldPath:,}}]",043c215e,"[{<*> <*> &ObjectReference{Kind:Pod,Namespace:doc,Name:manticore-<*>-<*>-<*>-8557f4767f-t26bh,UID:25e095b3-32a0-40ab-8abf-ed7f07a02b4b,APIVersion:,ResourceVersion:<*>,FieldPath:,}}]","['10.42.1.42 80', '3', '5-0', '40099836']"
86,I0819,15:12:26.197816,6,endpoints.go:136],"Endpoints found for Service ""last-release/last-release-service""","[{10.42.13.138 80 &ObjectReference{Kind:Pod,Namespace:last-release,Name:last-release-server-76b44cc7cd-59fdd,UID:c264150d-9897-4c75-99b1-ec7c8a64c3f6,APIVersion:,ResourceVersion:40674617,FieldPath:,}}]",29fb7d9d,"[{<*> <*> &ObjectReference{Kind:Pod,Namespace:last-release,Name:last-release-server-76b44cc7cd-59fdd,UID:c264150d-<*>-4c75-99b1-ec7c8a64c3f6,APIVersion:,ResourceVersion:<*>,FieldPath:,}}]","['10.42.13.138 80', '9897', '40674617']"
87,I0819,15:12:26.197881,6,endpoints.go:136],"Endpoints found for Service ""doc/ingress-dd3c7a5bbe97f612d5525426fd47efe7""","[{10.42.2.182 80 &ObjectReference{Kind:Pod,Namespace:doc,Name:test-b98dfb547-f9gqz,UID:a1ef5716-fc32-40a0-817f-b44f2852fd3e,APIVersion:,ResourceVersion:40689117,FieldPath:,}}]",2973d8a3,"[{<*> <*> &ObjectReference{Kind:Pod,Namespace:doc,Name:test-b98dfb547-f9gqz,UID:a1ef5716-fc32-40a0-817f-b44f2852fd3e,APIVersion:,ResourceVersion:<*>,FieldPath:,}}]","['10.42.2.182 80', '40689117']"
88,I0819,15:12:26.197984,6,controller.go:1328],"Found SSL certificate matching host ""manual.mnt.cr""","""doc/mnt-cert-tls""",191429c5,"""doc/mnt-cert-tls""",[]
89,I0819,15:12:26.198004,6,controller.go:1328],"Found SSL certificate matching host ""mnt.cr""","""doc/mnt-cert-tls""",191429c5,"""doc/mnt-cert-tls""",[]
90,I0819,15:12:44.560677,6,nginx_status.go:168],start scraping socket,/nginx_status,2f563eb6,/nginx_status,[]
91,I0819,15:13:44.560600,6,nginx_status.go:168],start scraping socket,/nginx_status,2f563eb6,/nginx_status,[]
92,I0819,15:14:44.561193,6,nginx_status.go:168],start scraping socket,/nginx_status,2f563eb6,/nginx_status,[]
93,I0819,15:15:44.560896,6,nginx_status.go:168],start scraping socket,/nginx_status,2f563eb6,/nginx_status,[]
94,I0819,15:16:44.561572,6,nginx_status.go:168],start scraping socket,/nginx_status,2f563eb6,/nginx_status,[]
95,I0819,15:17:44.561905,6,nginx_status.go:168],start scraping socket,/nginx_status,2f563eb6,/nginx_status,[]
96,I0819,15:18:44.562506,6,nginx_status.go:168],start scraping socket,/nginx_status,2f563eb6,/nginx_status,[]
97,I0819,15:19:44.562857,6,nginx_status.go:168],start scraping socket,/nginx_status,2f563eb6,/nginx_status,[]
98,I0819,15:20:44.562952,6,nginx_status.go:168],start scraping socket,/nginx_status,2f563eb6,/nginx_status,[]
99,I0819,15:21:44.562029,6,nginx_status.go:168],start scraping socket,/nginx_status,2f563eb6,/nginx_status,[]
100,I0819,15:22:44.562149,6,nginx_status.go:168],start scraping socket,/nginx_status,2f563eb6,/nginx_status,[]
101,I0819,15:23:44.563272,6,nginx_status.go:168],start scraping socket,/nginx_status,2f563eb6,/nginx_status,[]
102,I0819,15:24:44.563343,6,nginx_status.go:168],start scraping socket,/nginx_status,2f563eb6,/nginx_status,[]
103,I0819,15:25:44.564045,6,nginx_status.go:168],start scraping socket,/nginx_status,2f563eb6,/nginx_status,[]
